sha256,canonical_filename,canonical_path,num_original_files,num_labels,labels,labels_text,original_splits,original_splits_text,cross_split_leakage,width,height,fps,frame_count,duration_sec,codec,label_authorized_intervention,label_carrying_overload_with_forklift,label_closed_panel_cover,label_opened_panel_cover,label_safe_carrying,label_safe_walkway,label_safe_walkway_violation,label_unauthorized_intervention,clean_split,source_group,final_split,actual_frame_count,usable_frame_count,relative_path
002ed84fbd2bf6e074368cdffa1ca89e253dd999d349329a62a78ffbaf4c0bdb,0_tr6.mp4,D:\AI_Safety_Monitoring\Datasets\Safe_Unsafe\data\0_tr6.mp4,1,1,['Safe Walkway Violation'],Safe Walkway Violation,['train'],train,False,1920,1080,24.83,348,14.015304,avc1,0,0,0,0,0,0,1,0,train,source_0180,val,348,348,data/0_tr6.mp4
01540da0d0c1842cc3edb9c6762ea77fa4217af1de5787f28e984186a1be0f05,5_te5.mp4,D:\AI_Safety_Monitoring\Datasets\Safe_Unsafe\data\5_te5.mp4,1,1,['Authorized Intervention'],Authorized Intervention,['test'],test,False,1920,1080,24.97,348,13.936724,avc1,1,0,0,0,0,0,0,0,val,source_0534,test,348,348,data/5_te5.mp4
01910b05b716e8c64df69c93285d04a3b33c38eb33544aad594be304d49410c3,2_tr111.mp4,D:\AI_Safety_Monitoring\Datasets\Safe_Unsafe\data\2_tr111.mp4,1,1,['Opened Panel Cover'],Opened Panel Cover,['train'],train,False,1920,1080,25.02,200,7.993605,avc1,0,0,0,1,0,0,0,0,train,source_0323,train,200,200,data/2_tr111.mp4
01a7455b06000de864afccf4b3b7987f9d43718d3aa9dc997da120dbb84221ab,2_tr17.mp4,D:\AI_Safety_Monitoring\Datasets\Safe_Unsafe\data\2_tr17.mp4,1,1,['Opened Panel Cover'],Opened Panel Cover,['train'],train,False,1920,1080,25.0,100,4.0,avc1,0,0,0,1,0,0,0,0,train,source_0342,train,100,100,data/2_tr17.mp4
02a32abaa6ab7aa6a1c62c4123295af05b56df65a4aa529a5d79a38ca8ed1ba3,3_tr40.mp4,D:\AI_Safety_Monitoring\Datasets\Safe_Unsafe\data\3_tr40.mp4,1,1,['Carrying Overload with Forklift'],Carrying Overload with Forklift,['train'],train,False,1920,1080,25.0,100,4.0,avc1,0,1,0,0,0,0,0,0,val,source_0455,train,100,100,data/3_tr40.mp4
02afdc719b9cb39edbcde3233cdd01587a4458f4462792fe7a79861d39c3abcc,3_tr23.mp4,D:\AI_Safety_Monitoring\Datasets\Safe_Unsafe\data\3_tr23.mp4,1,1,['Carrying Overload with Forklift'],Carrying Overload with Forklift,['train'],train,False,1920,1080,25.0,175,7.0,avc1,0,1,0,0,0,0,0,0,val,source_0445,train,175,175,data/3_tr23.mp4
02c5993d6456238c9499359ba6b369453a57a82f3e4a160a3c43ccde99194a07,2_tr3.mp4,D:\AI_Safety_Monitoring\Datasets\Safe_Unsafe\data\2_tr3.mp4,1,1,['Opened Panel Cover'],Opened Panel Cover,['train'],train,False,1920,1080,25.02,76,3.03757,avc1,0,0,0,1,0,0,0,0,train,source_0356,train,76,76,data/2_tr3.mp4
02c618a1b6de07dd3190de0b61f4227eceb523b74d0cfc3d79c784c4c66375b4,0_te12.mp4,D:\AI_Safety_Monitoring\Datasets\Safe_Unsafe\data\0_te12.mp4,1,1,['Safe Walkway Violation'],Safe Walkway Violation,['test'],test,False,1920,1080,24.83,198,7.974225,avc1,0,0,0,0,0,0,1,0,train,source_0008,train,198,198,data/0_te12.mp4
02e8fe63a509fcf3b4379f01304fe2887f6aa60ecfa6d265114037f5a757ae3a,4_tr35.mp4,D:\AI_Safety_Monitoring\Datasets\Safe_Unsafe\data\4_tr35.mp4,1,1,['Safe Walkway'],Safe Walkway,['train'],train,False,1920,1080,25.0,194,7.76,avc1,0,0,0,0,0,1,0,0,train,source_0506,train,194,194,data/4_tr35.mp4
02fb0f16de2ee7e0a11685275982af3b6011d67eed71bcd2c84e542229dab2bb,4_tr32.mp4,D:\AI_Safety_Monitoring\Datasets\Safe_Unsafe\data\4_tr32.mp4,1,1,['Safe Walkway'],Safe Walkway,['train'],train,False,1920,1080,24.83,175,7.047926,avc1,0,0,0,0,0,1,0,0,train,source_0015,train,175,175,data/4_tr32.mp4
03090cd39b9e0c683122ffcd2631343e2d55c0367ce391568a4f667d138a944f,3_te4.mp4,D:\AI_Safety_Monitoring\Datasets\Safe_Unsafe\data\3_te4.mp4,1,1,['Carrying Overload with Forklift'],Carrying Overload with Forklift,['test'],test,False,1920,1080,25.0,150,6.0,avc1,0,1,0,0,0,0,0,0,train,source_0023,train,150,150,data/3_te4.mp4
033dc5b21f8b95be8ff629a73b570bc17d0a1ed25e83276883d949d53bb623ff,2_tr44.mp4,D:\AI_Safety_Monitoring\Datasets\Safe_Unsafe\data\2_tr44.mp4,1,1,['Opened Panel Cover'],Opened Panel Cover,['train'],train,False,1920,1080,25.02,125,4.996003,avc1,0,0,0,1,0,0,0,0,train,source_0371,train,125,125,data/2_tr44.mp4
04e861c407a415310af0dd8b3ad1decfbb6260fb411ce03fd84a1e542d5ffe2e,5_tr17.mp4,D:\AI_Safety_Monitoring\Datasets\Safe_Unsafe\data\5_tr17.mp4,1,1,['Authorized Intervention'],Authorized Intervention,['train'],train,False,1920,1080,24.88890619069401,260,10.446421,avc1,1,0,0,0,0,0,0,0,val,source_0547,train,260,260,data/5_tr17.mp4
04f08654a205f07ff0edf4f99c82bf6f5f09df098398b37891b35fe1192c1f9b,3_tr46.mp4,D:\AI_Safety_Monitoring\Datasets\Safe_Unsafe\data\3_tr46.mp4,1,1,['Carrying Overload with Forklift'],Carrying Overload with Forklift,['train'],train,False,1920,1080,25.0,75,3.0,avc1,0,1,0,0,0,0,0,0,train,source_0003,test,75,75,data/3_tr46.mp4
04f631c57004d9a9bed4f2c5e9c1421729511873cd3061dedf6cb007ab254a27,0_tr33.mp4,D:\AI_Safety_Monitoring\Datasets\Safe_Unsafe\data\0_tr33.mp4,1,1,['Safe Walkway Violation'],Safe Walkway Violation,['train'],train,False,1920,1080,24.83,125,5.034233,avc1,0,0,0,0,0,0,1,0,train,source_0152,val,125,125,data/0_tr33.mp4
053f4513417dafe03a492e0407da17d2863e5a49bd23c26141ef47ed3222764e,6_te4.mp4,D:\AI_Safety_Monitoring\Datasets\Safe_Unsafe\data\6_te4.mp4,1,1,['Closed Panel Cover'],Closed Panel Cover,['test'],test,False,1920,1080,24.99,100,4.001601,avc1,0,0,1,0,0,0,0,0,train,source_0567,train,100,100,data/6_te4.mp4
059bdb43c38140d1015a2b46309c3bcf773edc33fde963b3fb762aea4331faf2,6_te1.mp4,D:\AI_Safety_Monitoring\Datasets\Safe_Unsafe\data\6_te1.mp4,1,1,['Closed Panel Cover'],Closed Panel Cover,['test'],test,False,1920,1080,24.92,130,5.216693,avc1,0,0,1,0,0,0,0,0,train,source_0561,train,130,130,data/6_te1.mp4
05c52fbe45c40580d1c26b5488489c3070c71c2187bb25ab741b34c76bec545b,4_tr27.mp4,D:\AI_Safety_Monitoring\Datasets\Safe_Unsafe\data\4_tr27.mp4,1,1,['Safe Walkway'],Safe Walkway,['train'],train,False,1920,1080,24.83,249,10.028192,avc1,0,0,0,0,0,1,0,0,test,source_0498,test,249,249,data/4_tr27.mp4
05c7229abfc4d00d7da41eba57a1753d0067de591c36307f24882e5081a877e5,0_tr175.mp4,D:\AI_Safety_Monitoring\Datasets\Safe_Unsafe\data\0_tr175.mp4,1,1,['Safe Walkway Violation'],Safe Walkway Violation,['train'],train,False,1920,1080,24.83,347,13.97503,avc1,0,0,0,0,0,0,1,0,train,source_0132,train,347,347,data/0_tr175.mp4
068b372dbc62580cbb98f324e2b57bdb0fe545bb2dd13bb56efc0213e2d0cf0c,4_tr25.mp4,D:\AI_Safety_Monitoring\Datasets\Safe_Unsafe\data\4_tr25.mp4,1,1,['Safe Walkway'],Safe Walkway,['train'],train,False,1920,1080,24.83,199,8.014499,avc1,0,0,0,0,0,1,0,0,test,source_0496,train,199,199,data/4_tr25.mp4
070f88742836fc0cc4235aed12a4825471d1b8582c008d1cdf03a84ced65053c,6_te10.mp4,D:\AI_Safety_Monitoring\Datasets\Safe_Unsafe\data\6_te10.mp4,1,1,['Closed Panel Cover'],Closed Panel Cover,['test'],test,False,1920,1080,25.0,46,1.84,avc1,0,0,1,0,0,0,0,0,val,source_0562,val,46,46,data/6_te10.mp4
07b7a0ebd55a05c988cd60f6a3ab1085b805ed9bbefe18cd5a2eda89fe80175b,4_tr19.mp4,D:\AI_Safety_Monitoring\Datasets\Safe_Unsafe\data\4_tr19.mp4,1,1,['Safe Walkway'],Safe Walkway,['train'],train,False,1920,1080,24.83,199,8.014499,avc1,0,0,0,0,0,1,0,0,val,source_0489,train,199,199,data/4_tr19.mp4
08417650b38fb354164da00d170f2343fac2244df2f0f9d9dae724135663e47f,0_te9.mp4,D:\AI_Safety_Monitoring\Datasets\Safe_Unsafe\data\0_te9.mp4,1,1,['Safe Walkway Violation'],Safe Walkway Violation,['test'],test,False,1920,1080,24.8,422,17.016129,avc1,0,0,0,0,0,0,1,0,train,source_0057,val,422,422,data/0_te9.mp4
0865376cd100cb3cdfbc4c25816f57222b020fba6ca085d19b7559a7a8745b7b,3_tr14.mp4,D:\AI_Safety_Monitoring\Datasets\Safe_Unsafe\data\3_tr14.mp4,1,1,['Carrying Overload with Forklift'],Carrying Overload with Forklift,['train'],train,False,1920,1080,25.0,250,10.0,avc1,0,1,0,0,0,0,0,0,train,source_0440,test,250,250,data/3_tr14.mp4
08918de31a92d4103989aadd70fd6076b5d1cb1c60dc67c842c3999bbc5cf9ca,0_tr19.mp4,D:\AI_Safety_Monitoring\Datasets\Safe_Unsafe\data\0_tr19.mp4,1,1,['Safe Walkway Violation'],Safe Walkway Violation,['train'],train,False,1920,1080,24.8,422,17.016129,avc1,0,0,0,0,0,0,1,0,train,source_0137,train,422,422,data/0_tr19.mp4
08b5c7703a5c4bc0452bb4bd5b75fa78bc3a73fb5f6928ea44a9d002dda3ce3b,0_tr92.mp4,D:\AI_Safety_Monitoring\Datasets\Safe_Unsafe\data\0_tr92.mp4,1,1,['Safe Walkway Violation'],Safe Walkway Violation,['train'],train,False,1920,1080,24.83,198,7.974225,avc1,0,0,0,0,0,0,1,0,test,source_0216,test,198,198,data/0_tr92.mp4
08e761825dc16be387f6d433dd365ca494139f33889891b06062cf7ae9f47c79,0_tr111.mp4,D:\AI_Safety_Monitoring\Datasets\Safe_Unsafe\data\0_tr111.mp4,2,2,"['Safe Walkway Violation', 'Unauthorized Intervention']",Safe Walkway Violation | Unauthorized Intervention,['train'],train,False,1920,1080,24.83,224,9.021345,avc1,0,0,0,0,0,0,1,1,test,source_0069,train,224,224,data/0_tr111.mp4
09c82b357a40a4b8b3ae7c056f0951eea1358d746cebb685fa9d4c16546f6285,0_tr98.mp4,D:\AI_Safety_Monitoring\Datasets\Safe_Unsafe\data\0_tr98.mp4,1,1,['Safe Walkway Violation'],Safe Walkway Violation,['train'],train,False,1920,1080,24.83,199,8.014499,avc1,0,0,0,0,0,0,1,0,train,source_0222,train,199,199,data/0_tr98.mp4
09eff45df7df7baec4021d243bea0e36cc7f1db9d0b867eb2a5e0099519d0adf,0_tr107.mp4,D:\AI_Safety_Monitoring\Datasets\Safe_Unsafe\data\0_tr107.mp4,1,1,['Safe Walkway Violation'],Safe Walkway Violation,['train'],train,False,1920,1080,24.83,223,8.981071,avc1,0,0,0,0,0,0,1,0,train,source_0065,val,223,223,data/0_tr107.mp4
09f1a7c08cedea95ed0e34f5c5cb283884a125eef8690136096283d9d66664e1,0_tr121.mp4,D:\AI_Safety_Monitoring\Datasets\Safe_Unsafe\data\0_tr121.mp4,2,2,"['Safe Walkway Violation', 'Unauthorized Intervention']",Safe Walkway Violation | Unauthorized Intervention,['train'],train,False,1920,1080,24.83,224,9.021345,avc1,0,0,0,0,0,0,1,1,train,source_0079,train,224,224,data/0_tr121.mp4
0ac96bee40ac4a02959a5ed84a5c8a63d4366f789468519595ce92a88d1c9c34,3_tr39.mp4,D:\AI_Safety_Monitoring\Datasets\Safe_Unsafe\data\3_tr39.mp4,1,1,['Carrying Overload with Forklift'],Carrying Overload with Forklift,['train'],train,False,1920,1080,25.0,100,4.0,avc1,0,1,0,0,0,0,0,0,train,source_0003,test,100,100,data/3_tr39.mp4
0b2005ea3020b2aaea75981c812ee12842c18f52393a488efdc5f16e9dca3b7c,2_te5.mp4,D:\AI_Safety_Monitoring\Datasets\Safe_Unsafe\data\2_te5.mp4,1,1,['Opened Panel Cover'],Opened Panel Cover,['test'],test,False,1920,1080,25.05,150,5.988024,avc1,0,0,0,1,0,0,0,0,train,source_0308,train,150,150,data/2_te5.mp4
0b914f625bbb2960e7daa562f41df71f484a503ba296e7b9eb89012d9f0778db,4_tr38.mp4,D:\AI_Safety_Monitoring\Datasets\Safe_Unsafe\data\4_tr38.mp4,1,1,['Safe Walkway'],Safe Walkway,['train'],train,False,1920,1080,24.83,302,12.162706,avc1,0,0,0,0,0,1,0,0,train,source_0509,train,302,302,data/4_tr38.mp4
0be60df47543008c7f8b08687fb2d2ef6a6863025aacc150afe76a40d0b680e9,0_tr122.mp4,D:\AI_Safety_Monitoring\Datasets\Safe_Unsafe\data\0_tr122.mp4,1,1,['Safe Walkway Violation'],Safe Walkway Violation,['train'],train,False,1920,1080,24.99497120491488,261,10.4421,avc1,0,0,0,0,0,0,1,0,train,source_0013,val,261,261,data/0_tr122.mp4
0c12ba7c643843b2f4880871cd0d71f5e05b1c433dc6ce07f333649a74a4206e,4_tr11.mp4,D:\AI_Safety_Monitoring\Datasets\Safe_Unsafe\data\4_tr11.mp4,1,1,['Safe Walkway'],Safe Walkway,['train'],train,False,1920,1080,24.973331063498627,261,10.451149,avc1,0,0,0,0,0,1,0,0,test,source_0482,train,261,261,data/4_tr11.mp4
0c39d940dbef59259d83701dc1e5cfd5b5cb8d1d0c966ac058f75ce97c64488c,1_tr87.mp4,D:\AI_Safety_Monitoring\Datasets\Safe_Unsafe\data\1_tr87.mp4,1,1,['Unauthorized Intervention'],Unauthorized Intervention,['train'],train,False,1920,1080,24.8,174,7.016129,avc1,0,0,0,0,0,0,0,1,test,source_0291,train,174,174,data/1_tr87.mp4
0c3f46ee597382ec449d4efff6b2608c50163f75a95d26db4443c8451da9e31a,0_te3.mp4,D:\AI_Safety_Monitoring\Datasets\Safe_Unsafe\data\0_te3.mp4,1,1,['Safe Walkway Violation'],Safe Walkway Violation,['test'],test,False,1920,1080,24.83,372,14.981877,avc1,0,0,0,0,0,0,1,0,train,source_0049,train,372,372,data/0_te3.mp4
0c6e4141d24b408a52735a40f908e866ac6e8765ddb2f4a403d93a69d1d2a330,4_tr24.mp4,D:\AI_Safety_Monitoring\Datasets\Safe_Unsafe\data\4_tr24.mp4,1,1,['Safe Walkway'],Safe Walkway,['train'],train,False,1920,1080,24.83,221,8.900524,avc1,0,0,0,0,0,1,0,0,train,source_0495,train,221,221,data/4_tr24.mp4
0cc593f7a7e5f33454f733a0b7a6e3697b2b646d06d26ee0c02d85fe4846e59b,4_tr34.mp4,D:\AI_Safety_Monitoring\Datasets\Safe_Unsafe\data\4_tr34.mp4,1,1,['Safe Walkway'],Safe Walkway,['train'],train,False,1920,1080,25.0,195,7.8,avc1,0,0,0,0,0,1,0,0,val,source_0505,train,195,195,data/4_tr34.mp4
0cd102c0a9163dcf2331263988c9fa0c6ab308e53ad6dfc8376e3250dc29fd11,2_tr118.mp4,D:\AI_Safety_Monitoring\Datasets\Safe_Unsafe\data\2_tr118.mp4,1,1,['Opened Panel Cover'],Opened Panel Cover,['train'],train,False,1920,1080,24.99,208,8.323329,avc1,0,0,0,1,0,0,0,0,train,source_0329,train,208,208,data/2_tr118.mp4
0d0b17f00bd1b5fd81d5783501edf25c68f289edb793dba46ebeb92520a3b952,4_tr36.mp4,D:\AI_Safety_Monitoring\Datasets\Safe_Unsafe\data\4_tr36.mp4,1,1,['Safe Walkway'],Safe Walkway,['train'],train,False,1920,1080,24.83,303,12.20298,avc1,0,0,0,0,0,1,0,0,train,source_0507,train,303,303,data/4_tr36.mp4
0d1f16d13649be106b185f2876d27a91d0f32c20e12addea4925c5f4e07f1984,3_tr7.mp4,D:\AI_Safety_Monitoring\Datasets\Safe_Unsafe\data\3_tr7.mp4,1,1,['Carrying Overload with Forklift'],Carrying Overload with Forklift,['train'],train,False,1920,1080,25.0,275,11.0,avc1,0,1,0,0,0,0,0,0,train,source_0459,train,275,275,data/3_tr7.mp4
0eb19b14ffb6149f928ace131abacde25a6966d2eaca4b419de27b8f64807f36,4_tr14.mp4,D:\AI_Safety_Monitoring\Datasets\Safe_Unsafe\data\4_tr14.mp4,1,1,['Safe Walkway'],Safe Walkway,['train'],train,False,1920,1080,24.93197560773494,260,10.428375,avc1,0,0,0,0,0,1,0,0,train,source_0485,train,260,260,data/4_tr14.mp4
0eb4a6e7b9394553fdbd499e0345dadd8bbe33505c63939d20782ae9ab06c8e7,0_tr78.mp4,D:\AI_Safety_Monitoring\Datasets\Safe_Unsafe\data\0_tr78.mp4,1,1,['Safe Walkway Violation'],Safe Walkway Violation,['train'],train,False,1920,1080,24.8,173,6.975806,avc1,0,0,0,0,0,0,1,0,train,source_0200,train,173,173,data/0_tr78.mp4
0ed9178fe9a5dea63d2faecec6936158cb45452e7029b6f34255ac10595322e0,0_tr75.mp4,D:\AI_Safety_Monitoring\Datasets\Safe_Unsafe\data\0_tr75.mp4,1,1,['Safe Walkway Violation'],Safe Walkway Violation,['train'],train,False,1920,1080,24.8,173,6.975806,avc1,0,0,0,0,0,0,1,0,train,source_0197,train,173,173,data/0_tr75.mp4
0f2dd18398bce85d48caa69fa2339129794110a82e83e060983860613be621ce,3_te8.mp4,D:\AI_Safety_Monitoring\Datasets\Safe_Unsafe\data\3_te8.mp4,1,1,['Carrying Overload with Forklift'],Carrying Overload with Forklift,['test'],test,False,1920,1080,25.0,75,3.0,avc1,0,1,0,0,0,0,0,0,train,source_0435,train,75,75,data/3_te8.mp4
0fefddcd4e42c534abf05c1e2ac1e75ce42b36dc5a2e296e276211b6c4ab8a4b,2_tr98.mp4,D:\AI_Safety_Monitoring\Datasets\Safe_Unsafe\data\2_tr98.mp4,1,1,['Opened Panel Cover'],Opened Panel Cover,['train'],train,False,1920,1080,25.0,175,7.0,avc1,0,0,0,1,0,0,0,0,train,source_0429,train,175,175,data/2_tr98.mp4
0ff383378c475ad3f1e6a8ecd577bdba3c20a48db7b09dac2fb90764f4982bc3,0_tr114.mp4,D:\AI_Safety_Monitoring\Datasets\Safe_Unsafe\data\0_tr114.mp4,1,1,['Safe Walkway Violation'],Safe Walkway Violation,['train'],train,False,1920,1080,24.83,224,9.021345,avc1,0,0,0,0,0,0,1,0,train,source_0072,train,224,224,data/0_tr114.mp4
1017cf09222c4f00e465c0e262c181fedda855636ef0fb1f3c8d1c2a761837c4,0_tr130.mp4,D:\AI_Safety_Monitoring\Datasets\Safe_Unsafe\data\0_tr130.mp4,1,1,['Safe Walkway Violation'],Safe Walkway Violation,['train'],train,False,1920,1080,24.98426802267585,261,10.446574,avc1,0,0,0,0,0,0,1,0,val,source_0087,train,261,261,data/0_tr130.mp4
1028fd8dd208b3b4fd040cd38c83b8526c9a4cf7bcf9cbeb95979e4c9a46d860,0_tr71.mp4,D:\AI_Safety_Monitoring\Datasets\Safe_Unsafe\data\0_tr71.mp4,1,1,['Safe Walkway Violation'],Safe Walkway Violation,['train'],train,False,1920,1080,24.8,173,6.975806,avc1,0,0,0,0,0,0,1,0,train,source_0193,train,173,173,data/0_tr71.mp4
11049609f60c52702b90541e6d50146f5ff56d951c9fbf748cd164accb21226a,4_te1.mp4,D:\AI_Safety_Monitoring\Datasets\Safe_Unsafe\data\4_te1.mp4,1,1,['Safe Walkway'],Safe Walkway,['test'],test,False,1920,1080,25.0,173,6.92,avc1,0,0,0,0,0,1,0,0,test,source_0460,train,173,173,data/4_te1.mp4
1181c2f2c8770fe1763d6e397d147936a651fa9d6485a658dc96cc5a5bdf6e2e,0_tr47.mp4,D:\AI_Safety_Monitoring\Datasets\Safe_Unsafe\data\0_tr47.mp4,2,2,"['Safe Walkway Violation', 'Unauthorized Intervention']",Safe Walkway Violation | Unauthorized Intervention,['train'],train,False,1920,1080,24.8,173,6.975806,avc1,0,0,0,0,0,0,1,1,val,source_0166,test,173,173,data/0_tr47.mp4
11cc7ae87290723860f3cd391c94793bb03be9d7f912f1b1db6d2df3b9831db1,1_tr81.mp4,D:\AI_Safety_Monitoring\Datasets\Safe_Unsafe\data\1_tr81.mp4,1,1,['Unauthorized Intervention'],Unauthorized Intervention,['train'],train,False,1920,1080,25.09,200,7.971303,avc1,0,0,0,0,0,0,0,1,test,source_0285,test,200,200,data/1_tr81.mp4
1273c473f30523e09764da21dde39fb9d264d2107d3ba3e9b1306b0c6cf3d675,0_tr5.mp4,D:\AI_Safety_Monitoring\Datasets\Safe_Unsafe\data\0_tr5.mp4,1,1,['Safe Walkway Violation'],Safe Walkway Violation,['train'],train,False,1920,1080,24.83,348,14.015304,avc1,0,0,0,0,0,0,1,0,train,source_0169,train,348,348,data/0_tr5.mp4
12a798c0b94510a34710446916f5955cc5dd9f4b1e057c23eade6869cbfc55ae,3_tr16.mp4,D:\AI_Safety_Monitoring\Datasets\Safe_Unsafe\data\3_tr16.mp4,1,1,['Carrying Overload with Forklift'],Carrying Overload with Forklift,['train'],train,False,1920,1080,25.0,250,10.0,avc1,0,1,0,0,0,0,0,0,train,source_0441,train,250,250,data/3_tr16.mp4
12b1c137276efdfb2be8b573f72c438b46812f7d576956d072319d735deff3cf,1_tr36.mp4,D:\AI_Safety_Monitoring\Datasets\Safe_Unsafe\data\1_tr36.mp4,1,1,['Unauthorized Intervention'],Unauthorized Intervention,['train'],train,False,1920,1080,24.83,298,12.001611,avc1,0,0,0,0,0,0,0,1,train,source_0250,train,298,298,data/1_tr36.mp4
13488bb69fd4d484fcf688f6c809f0e881fcda7f0da74ac417a10de017147f16,4_tr46.mp4,D:\AI_Safety_Monitoring\Datasets\Safe_Unsafe\data\4_tr46.mp4,1,1,['Safe Walkway'],Safe Walkway,['train'],train,False,1920,1080,25.11,276,10.991637,avc1,0,0,0,0,0,1,0,0,train,source_0518,test,276,276,data/4_tr46.mp4
13e3cb72ff4965503fd4248204a6d8e0e7b11017c437eeec5df4944a240c9b20,2_tr107.mp4,D:\AI_Safety_Monitoring\Datasets\Safe_Unsafe\data\2_tr107.mp4,1,1,['Opened Panel Cover'],Opened Panel Cover,['train'],train,False,1920,1080,25.02,176,7.034373,avc1,0,0,0,1,0,0,0,0,test,source_0318,train,176,176,data/2_tr107.mp4
14a3a94f6cce0f208887308bba39432b174afb0d77b25f2c55347e3ffc5f1d10,0_tr118.mp4,D:\AI_Safety_Monitoring\Datasets\Safe_Unsafe\data\0_tr118.mp4,2,2,"['Safe Walkway Violation', 'Unauthorized Intervention']",Safe Walkway Violation | Unauthorized Intervention,['train'],train,False,1920,1080,24.83,224,9.021345,avc1,0,0,0,0,0,0,1,1,train,source_0076,train,224,224,data/0_tr118.mp4
14bbe15ab8f4a9b3f9820958e6e90ffbf1a478a0762a4f82cc5843b636db47f7,2_tr42.mp4,D:\AI_Safety_Monitoring\Datasets\Safe_Unsafe\data\2_tr42.mp4,1,1,['Opened Panel Cover'],Opened Panel Cover,['train'],train,False,1920,1080,25.08,125,4.984051,avc1,0,0,0,1,0,0,0,0,val,source_0369,train,125,125,data/2_tr42.mp4
15e4c107e4fddedeb27b50ef6db6ff4dcf1409e0047c1aacc307262a3404afb0,4_te17.mp4,D:\AI_Safety_Monitoring\Datasets\Safe_Unsafe\data\4_te17.mp4,1,1,['Safe Walkway'],Safe Walkway,['test'],test,False,1920,1080,24.83,239,9.625453,avc1,0,0,0,0,0,1,0,0,train,source_0468,train,239,239,data/4_te17.mp4
168c76cdaff23ee17b59f986ca6f5dfed542006d402912776407346db518b1b5,2_tr52.mp4,D:\AI_Safety_Monitoring\Datasets\Safe_Unsafe\data\2_tr52.mp4,1,1,['Opened Panel Cover'],Opened Panel Cover,['train'],train,False,1920,1080,25.08,126,5.023923,avc1,0,0,0,1,0,0,0,0,train,source_0380,train,126,126,data/2_tr52.mp4
169be598872a79d7809e1f90346db19947847f47857b7307104d2c169525e92a,2_tr94.mp4,D:\AI_Safety_Monitoring\Datasets\Safe_Unsafe\data\2_tr94.mp4,1,1,['Opened Panel Cover'],Opened Panel Cover,['train'],train,False,1920,1080,25.02,175,6.994404,avc1,0,0,0,1,0,0,0,0,val,source_0425,val,175,175,data/2_tr94.mp4
16ac93a0762cda5e6f6fb940b0d06f302165ddfbf0fcb3fd0b9127a57a767e03,2_tr61.mp4,D:\AI_Safety_Monitoring\Datasets\Safe_Unsafe\data\2_tr61.mp4,1,1,['Opened Panel Cover'],Opened Panel Cover,['train'],train,False,1920,1080,25.08,126,5.023923,avc1,0,0,0,1,0,0,0,0,train,source_0389,test,126,126,data/2_tr61.mp4
16c381186167aa86151b9f671e53b7b3bdd8d31a7448b2a3a4362943355986f0,0_tr166.mp4,D:\AI_Safety_Monitoring\Datasets\Safe_Unsafe\data\0_tr166.mp4,1,1,['Safe Walkway Violation'],Safe Walkway Violation,['train'],train,False,1920,1080,24.83,322,12.968184,avc1,0,0,0,0,0,0,1,0,test,source_0122,train,322,322,data/0_tr166.mp4
170a97c819e668d899e378e4ec1c417d89df8da3eff4373bf08f9698152babe1,1_tr89.mp4,D:\AI_Safety_Monitoring\Datasets\Safe_Unsafe\data\1_tr89.mp4,2,2,"['Safe Walkway Violation', 'Unauthorized Intervention']",Safe Walkway Violation | Unauthorized Intervention,"['test', 'train']",test | train,True,1920,1080,24.8,173,6.975806,avc1,0,0,0,0,0,0,1,1,train,source_0293,val,173,173,data/1_tr89.mp4
17b952378e6b5652af603eeb7455721ad77f2f85f968db107b82d4c4232a7bd1,6_tr19.mp4,D:\AI_Safety_Monitoring\Datasets\Safe_Unsafe\data\6_tr19.mp4,1,1,['Closed Panel Cover'],Closed Panel Cover,['train'],train,False,1920,1080,25.01,181,7.237105,avc1,0,0,1,0,0,0,0,0,train,source_0583,train,181,181,data/6_tr19.mp4
1853b0a81735b08adeea550a2042bd00d5351b5a1ec9dac0bd5a9c3864d50519,0_tr102.mp4,D:\AI_Safety_Monitoring\Datasets\Safe_Unsafe\data\0_tr102.mp4,1,1,['Safe Walkway Violation'],Safe Walkway Violation,['train'],train,False,1920,1080,24.83,199,8.014499,avc1,0,0,0,0,0,0,1,0,val,source_0010,train,199,199,data/0_tr102.mp4
19bf3390016580130dba2f8969ca6037e807a5169e7a271da3a07a5f1954d71d,4_tr17.mp4,D:\AI_Safety_Monitoring\Datasets\Safe_Unsafe\data\4_tr17.mp4,1,1,['Safe Walkway'],Safe Walkway,['train'],train,False,1920,1080,24.83,224,9.021345,avc1,0,0,0,0,0,1,0,0,train,source_0487,train,224,224,data/4_tr17.mp4
1a08e951af7bc7db26ec57b913a826b6bbc3f5e6f463d1d52ff3cca2dfe4e866,3_tr30.mp4,D:\AI_Safety_Monitoring\Datasets\Safe_Unsafe\data\3_tr30.mp4,1,1,['Carrying Overload with Forklift'],Carrying Overload with Forklift,['train'],train,False,1920,1080,25.0,125,5.0,avc1,0,1,0,0,0,0,0,0,train,source_0027,val,125,125,data/3_tr30.mp4
1af189fff5bc2169c21406ad9017b5776140e141051d8ef388fce5655de50c10,2_tr31.mp4,D:\AI_Safety_Monitoring\Datasets\Safe_Unsafe\data\2_tr31.mp4,1,1,['Opened Panel Cover'],Opened Panel Cover,['train'],train,False,1920,1080,25.02,101,4.036771,avc1,0,0,0,1,0,0,0,0,train,source_0358,train,101,101,data/2_tr31.mp4
1b8cb84015e3e38404f1fcd1c2066f1ea77227bb3f0c0cb2664c977e00749924,0_tr73.mp4,D:\AI_Safety_Monitoring\Datasets\Safe_Unsafe\data\0_tr73.mp4,1,1,['Safe Walkway Violation'],Safe Walkway Violation,['train'],train,False,1920,1080,24.8,173,6.975806,avc1,0,0,0,0,0,0,1,0,test,source_0195,train,173,173,data/0_tr73.mp4
1babb873988f948ccf4de885e2c6869a46d249169388700704365a87f3ed251e,0_te25.mp4,D:\AI_Safety_Monitoring\Datasets\Safe_Unsafe\data\0_te25.mp4,1,1,['Safe Walkway Violation'],Safe Walkway Violation,['test'],test,False,1920,1080,24.83,297,11.961337,avc1,0,0,0,0,0,0,1,0,train,source_0009,train,297,297,data/0_te25.mp4
1be022b122fa264df897f27bd1c91ff4efd7f4d94e1b528ef4ee700f4b53c505,1_tr10.mp4,D:\AI_Safety_Monitoring\Datasets\Safe_Unsafe\data\1_tr10.mp4,1,1,['Unauthorized Intervention'],Unauthorized Intervention,['train'],train,False,1920,1080,24.8,173,6.975806,avc1,0,0,0,0,0,0,0,1,train,source_0230,val,173,173,data/1_tr10.mp4
1c24f565cb2ef4edabb059c9ef9fb14c1649c4ea6e63a633e609205691597a72,1_tr39.mp4,D:\AI_Safety_Monitoring\Datasets\Safe_Unsafe\data\1_tr39.mp4,1,1,['Unauthorized Intervention'],Unauthorized Intervention,['train'],train,False,1920,1080,24.59,271,11.02074,avc1,0,0,0,0,0,0,0,1,test,source_0017,train,271,271,data/1_tr39.mp4
1c6b444b1bce28c51674f4647a72386ee0b4571ba7684181d874f8bd5f478417,2_tr12.mp4,D:\AI_Safety_Monitoring\Datasets\Safe_Unsafe\data\2_tr12.mp4,1,1,['Opened Panel Cover'],Opened Panel Cover,['train'],train,False,1920,1080,25.02,100,3.996803,avc1,0,0,0,1,0,0,0,0,train,source_0330,train,100,100,data/2_tr12.mp4
1d15c3064c26b47ab5d77a7c1dc274846363e91d17cb2b409447e3a3d2a0a75d,2_tr128.mp4,D:\AI_Safety_Monitoring\Datasets\Safe_Unsafe\data\2_tr128.mp4,1,1,['Opened Panel Cover'],Opened Panel Cover,['train'],train,False,1920,1080,25.02,74,2.957634,avc1,0,0,0,1,0,0,0,0,train,source_0336,train,74,74,data/2_tr128.mp4
1d286fedfba24ac52682510a5a2e0cb834bf4e7cf74b87476814b765631250e8,0_tr44.mp4,D:\AI_Safety_Monitoring\Datasets\Safe_Unsafe\data\0_tr44.mp4,1,1,['Safe Walkway Violation'],Safe Walkway Violation,['train'],train,False,1920,1080,24.83,125,5.034233,avc1,0,0,0,0,0,0,1,0,train,source_0163,train,125,125,data/0_tr44.mp4
1d316885633792cb98ad0a575ef76c66de37d9b6d210bb077faab80c134d3f9f,7_tr20.mp4,D:\AI_Safety_Monitoring\Datasets\Safe_Unsafe\data\7_tr20.mp4,1,1,['Safe Carrying'],Safe Carrying,['train'],train,False,1920,1080,25.0,281,11.24,avc1,0,0,0,0,1,0,0,0,train,source_0606,train,281,281,data/7_tr20.mp4
1e1966d237683fb484f0af9b96b62ec4aa14a1993f994624100bca87c7629fe8,0_tr18.mp4,D:\AI_Safety_Monitoring\Datasets\Safe_Unsafe\data\0_tr18.mp4,1,1,['Safe Walkway Violation'],Safe Walkway Violation,['train'],train,False,1920,1080,24.8,422,17.016129,avc1,0,0,0,0,0,0,1,0,train,source_0136,val,422,422,data/0_tr18.mp4
1e39f568871fdc078f9ed7653690df2f5a2d46ddfbeca98be4ab78c0282a188b,1_tr94.mp4,D:\AI_Safety_Monitoring\Datasets\Safe_Unsafe\data\1_tr94.mp4,1,1,['Unauthorized Intervention'],Unauthorized Intervention,['train'],train,False,1920,1080,24.8,173,6.975806,avc1,0,0,0,0,0,0,0,1,train,source_0297,val,173,173,data/1_tr94.mp4
1f8224cb60b987d92367e0aad305d366d1160e23dde3180a4ac467c750419168,0_tr168.mp4,D:\AI_Safety_Monitoring\Datasets\Safe_Unsafe\data\0_tr168.mp4,2,2,"['Safe Walkway Violation', 'Unauthorized Intervention']",Safe Walkway Violation | Unauthorized Intervention,"['test', 'train']",test | train,True,1920,1080,24.83,323,13.008458,avc1,0,0,0,0,0,0,1,1,train,source_0124,train,323,323,data/0_tr168.mp4
1f97265a9a8b6e3fef1bd58f609a0f0e7f99647647a7b75d06380855db243b93,2_tr16.mp4,D:\AI_Safety_Monitoring\Datasets\Safe_Unsafe\data\2_tr16.mp4,1,1,['Opened Panel Cover'],Opened Panel Cover,['train'],train,False,1920,1080,25.0,100,4.0,avc1,0,0,0,1,0,0,0,0,train,source_0341,val,100,100,data/2_tr16.mp4
2020127242e62532028e5f2a4947d0611c97dd0b7f68b5c52e8fe813b07e0dbf,3_tr45.mp4,D:\AI_Safety_Monitoring\Datasets\Safe_Unsafe\data\3_tr45.mp4,1,1,['Carrying Overload with Forklift'],Carrying Overload with Forklift,['train'],train,False,1920,1080,25.0,75,3.0,avc1,0,1,0,0,0,0,0,0,train,source_0004,train,75,75,data/3_tr45.mp4
205b340d01acf3d1c6f7fdf229dca3bbbf668e66e85c6ea8bf83ba6d6835593f,0_tr49.mp4,D:\AI_Safety_Monitoring\Datasets\Safe_Unsafe\data\0_tr49.mp4,1,1,['Safe Walkway Violation'],Safe Walkway Violation,['train'],train,False,1920,1080,24.8,173,6.975806,avc1,0,0,0,0,0,0,1,0,train,source_0168,train,173,173,data/0_tr49.mp4
209689b5f37ac4ea125281c373c9c0330e6ab65df43b37ad1493c1d317ee7267,5_tr6.mp4,D:\AI_Safety_Monitoring\Datasets\Safe_Unsafe\data\5_tr6.mp4,1,1,['Authorized Intervention'],Authorized Intervention,['train'],train,False,1920,1080,24.97,347,13.896676,avc1,1,0,0,0,0,0,0,0,train,source_0557,train,347,347,data/5_tr6.mp4
20ebf639e04ffcbe0a6361f8226cfa2c84169887743c27374adb23c5ea518a17,6_te6.mp4,D:\AI_Safety_Monitoring\Datasets\Safe_Unsafe\data\6_te6.mp4,1,1,['Closed Panel Cover'],Closed Panel Cover,['test'],test,False,1920,1080,24.92,90,3.611557,avc1,0,0,1,0,0,0,0,0,train,source_0569,train,90,90,data/6_te6.mp4
2155fbb4eeb51c340e9c6a8a4d8509030daa546f479ec9c9f4988d414359976c,0_tr52.mp4,D:\AI_Safety_Monitoring\Datasets\Safe_Unsafe\data\0_tr52.mp4,2,2,"['Safe Walkway Violation', 'Unauthorized Intervention']",Safe Walkway Violation | Unauthorized Intervention,['train'],train,False,1920,1080,24.8,173,6.975806,avc1,0,0,0,0,0,0,1,1,val,source_0172,val,173,173,data/0_tr52.mp4
21dfaa993433a95790d038b761cbc4448e16c9899a8d56d52712dfd9151cd7a5,5_tr13.mp4,D:\AI_Safety_Monitoring\Datasets\Safe_Unsafe\data\5_tr13.mp4,1,1,['Authorized Intervention'],Authorized Intervention,['train'],train,False,1920,1080,24.95,124,4.96994,avc1,1,0,0,0,0,0,0,0,train,source_0543,test,124,124,data/5_tr13.mp4
225555b334cd32a4d660cfc41e25983c8f34974758dffd6b35cedb9582b095ac,0_tr147.mp4,D:\AI_Safety_Monitoring\Datasets\Safe_Unsafe\data\0_tr147.mp4,1,1,['Safe Walkway Violation'],Safe Walkway Violation,['train'],train,False,1920,1080,24.83,274,11.035038,avc1,0,0,0,0,0,0,1,0,train,source_0103,train,274,274,data/0_tr147.mp4
22ff762fc6e4a01bef321b3403d63bd342c5e9adae054f2a98c1bed97761b8c0,3_tr47.mp4,D:\AI_Safety_Monitoring\Datasets\Safe_Unsafe\data\3_tr47.mp4,1,1,['Carrying Overload with Forklift'],Carrying Overload with Forklift,['train'],train,False,1920,1080,25.0,75,3.0,avc1,0,1,0,0,0,0,0,0,train,source_0004,train,75,75,data/3_tr47.mp4
237826538b7833cea426d3fd357c58860b6d006ec2c5b9270f652000cd9ee066,1_tr66.mp4,D:\AI_Safety_Monitoring\Datasets\Safe_Unsafe\data\1_tr66.mp4,1,1,['Unauthorized Intervention'],Unauthorized Intervention,['train'],train,False,1920,1080,25.0,259,10.36,avc1,0,0,0,0,0,0,0,1,val,source_0275,train,259,259,data/1_tr66.mp4
23925896131a11032c8dba17c6abde5e341843960a64b3a5113540284b1a3354,3_tr12.mp4,D:\AI_Safety_Monitoring\Datasets\Safe_Unsafe\data\3_tr12.mp4,1,1,['Carrying Overload with Forklift'],Carrying Overload with Forklift,['train'],train,False,1920,1080,25.0,250,10.0,avc1,0,1,0,0,0,0,0,0,train,source_0439,val,250,250,data/3_tr12.mp4
2392f47bdb0360acf9a53f7f32c0d3710376a0b8f2824eccbf0a95ea06bfd9a1,4_tr48.mp4,D:\AI_Safety_Monitoring\Datasets\Safe_Unsafe\data\4_tr48.mp4,1,1,['Safe Walkway'],Safe Walkway,['train'],train,False,1920,1080,25.07,392,15.636219,avc1,0,0,0,0,0,1,0,0,train,source_0519,val,392,392,data/4_tr48.mp4
23b98a95dc6d76a56845bca2b0a3b3206851e8ff6107bccd28bb6c19b73d5350,2_tr126.mp4,D:\AI_Safety_Monitoring\Datasets\Safe_Unsafe\data\2_tr126.mp4,1,1,['Opened Panel Cover'],Opened Panel Cover,['train'],train,False,1920,1080,25.02,301,12.030376,avc1,0,0,0,1,0,0,0,0,test,source_0334,train,301,301,data/2_tr126.mp4
2449b1a61f4477ed7a135cd75964ae38a0d95d1a2f919ab5446bedd6ec8066e7,0_tr23.mp4,D:\AI_Safety_Monitoring\Datasets\Safe_Unsafe\data\0_tr23.mp4,1,1,['Safe Walkway Violation'],Safe Walkway Violation,['train'],train,False,1920,1080,24.83,124,4.993959,avc1,0,0,0,0,0,0,1,0,test,source_0142,train,124,124,data/0_tr23.mp4
255ac9cbaa09d30b8f4d2c7b5fef80f6b178960631081ec9a86bed40063b136c,0_tr56.mp4,D:\AI_Safety_Monitoring\Datasets\Safe_Unsafe\data\0_tr56.mp4,1,1,['Safe Walkway Violation'],Safe Walkway Violation,['train'],train,False,1920,1080,24.8,173,6.975806,avc1,0,0,0,0,0,0,1,0,train,source_0176,train,173,173,data/0_tr56.mp4
258d05c3a8c66769e5eeb42fb2d411d4dcf556c1fe7cbb0ff7726f7152b0f3d6,0_tr152.mp4,D:\AI_Safety_Monitoring\Datasets\Safe_Unsafe\data\0_tr152.mp4,1,1,['Safe Walkway Violation'],Safe Walkway Violation,['train'],train,False,1920,1080,24.83,297,11.961337,avc1,0,0,0,0,0,0,1,0,test,source_0108,train,297,297,data/0_tr152.mp4
25cc0c8c89c9e2186579e526fdeb1c817f7434fb8a60f3834f3867ae548856b8,0_tr38.mp4,D:\AI_Safety_Monitoring\Datasets\Safe_Unsafe\data\0_tr38.mp4,1,1,['Safe Walkway Violation'],Safe Walkway Violation,['train'],train,False,1920,1080,24.83,125,5.034233,avc1,0,0,0,0,0,0,1,0,train,source_0015,train,125,125,data/0_tr38.mp4
262cfcfc0f6140c967feb45c00701922a5e7f67536f6ceceffd78307e7a3e563,5_tr19.mp4,D:\AI_Safety_Monitoring\Datasets\Safe_Unsafe\data\5_tr19.mp4,1,1,['Authorized Intervention'],Authorized Intervention,['train'],train,False,1920,1080,23.65263275747088,247,10.442812,avc1,1,0,0,0,0,0,0,0,train,source_0549,train,247,247,data/5_tr19.mp4
263ff83b2e505bb436b9f5711b8d1181798cfb3123ef65c586b6e32370441c31,1_te2.mp4,D:\AI_Safety_Monitoring\Datasets\Safe_Unsafe\data\1_te2.mp4,1,1,['Unauthorized Intervention'],Unauthorized Intervention,['test'],test,False,1920,1080,24.8,515,20.766129,avc1,0,0,0,0,0,0,0,1,test,source_0226,train,515,515,data/1_te2.mp4
271d41e36785a8049d9c9c79512e459562b8b36d77a1c1ecaeb0a5da74a77bbd,0_tr67.mp4,D:\AI_Safety_Monitoring\Datasets\Safe_Unsafe\data\0_tr67.mp4,2,2,"['Safe Walkway Violation', 'Unauthorized Intervention']",Safe Walkway Violation | Unauthorized Intervention,['train'],train,False,1920,1080,24.8,173,6.975806,avc1,0,0,0,0,0,0,1,1,train,source_0188,train,173,173,data/0_tr67.mp4
272f0fe779bfa4e730031c467bc5733f933b821b345019fdbfedd1dd276a5187,2_tr77.mp4,D:\AI_Safety_Monitoring\Datasets\Safe_Unsafe\data\2_tr77.mp4,1,1,['Opened Panel Cover'],Opened Panel Cover,['train'],train,False,1920,1080,25.05,151,6.027944,avc1,0,0,0,1,0,0,0,0,test,source_0406,train,151,151,data/2_tr77.mp4
275d2d77405512a174f06e93a7e19f9b804a75cc5bf7241b837515fd56c07d1f,6_te7.mp4,D:\AI_Safety_Monitoring\Datasets\Safe_Unsafe\data\6_te7.mp4,1,1,['Closed Panel Cover'],Closed Panel Cover,['test'],test,False,1920,1080,24.92,76,3.049759,avc1,0,0,1,0,0,0,0,0,train,source_0570,train,76,76,data/6_te7.mp4
2824345722dec167993945f28704be6a2f3e179b2de3bfe126df4129310e9d88,4_te19.mp4,D:\AI_Safety_Monitoring\Datasets\Safe_Unsafe\data\4_te19.mp4,1,1,['Safe Walkway'],Safe Walkway,['test'],test,False,1920,1080,24.83,374,15.062424,avc1,0,0,0,0,0,1,0,0,train,source_0469,train,374,374,data/4_te19.mp4
2844649132f507a67d6bddc01eadc2ca0522d0819c779041c8945d93afb75beb,0_te13.mp4,D:\AI_Safety_Monitoring\Datasets\Safe_Unsafe\data\0_te13.mp4,1,1,['Safe Walkway Violation'],Safe Walkway Violation,['test'],test,False,1920,1080,24.83,198,7.974225,avc1,0,0,0,0,0,0,1,0,val,source_0032,val,198,198,data/0_te13.mp4
284f8395bbed18e37fd54d57cd87e3d5c7a8edc8420af3743d02e7232f760062,1_tr54.mp4,D:\AI_Safety_Monitoring\Datasets\Safe_Unsafe\data\1_tr54.mp4,1,1,['Unauthorized Intervention'],Unauthorized Intervention,['train'],train,False,1920,1080,25.08511994860389,262,10.444439,avc1,0,0,0,0,0,0,0,1,val,source_0265,train,262,262,data/1_tr54.mp4
2868a393eab3ce7150c2caa12983eb65383e653f09b78e511fd1c45db5f5ffbf,0_tr144.mp4,D:\AI_Safety_Monitoring\Datasets\Safe_Unsafe\data\0_tr144.mp4,1,1,['Safe Walkway Violation'],Safe Walkway Violation,['train'],train,False,1920,1080,25.06718544817859,262,10.451911,avc1,0,0,0,0,0,0,1,0,train,source_0100,test,262,262,data/0_tr144.mp4
2913e269518438e3eade1d0f9ce20e847ca4d13d0484f26121f2db2d43136bfc,4_tr4.mp4,D:\AI_Safety_Monitoring\Datasets\Safe_Unsafe\data\4_tr4.mp4,1,1,['Safe Walkway'],Safe Walkway,['train'],train,False,1920,1080,24.91,104,4.17503,avc1,0,0,0,0,0,1,0,0,train,source_0511,train,104,104,data/4_tr4.mp4
2a142014aad8cf975a9cae200180db5c653156d9c31502ba83918519696f6384,1_tr45.mp4,D:\AI_Safety_Monitoring\Datasets\Safe_Unsafe\data\1_tr45.mp4,1,1,['Unauthorized Intervention'],Unauthorized Intervention,['train'],train,False,1920,1080,24.59,270,10.980073,avc1,0,0,0,0,0,0,0,1,train,source_0258,test,270,270,data/1_tr45.mp4
2a7a19caa37888bc6557512c851b33ce62ae3c49178bd5b94fd276de648db002,4_te2.mp4,D:\AI_Safety_Monitoring\Datasets\Safe_Unsafe\data\4_te2.mp4,1,1,['Safe Walkway'],Safe Walkway,['test'],test,False,1920,1080,24.91,104,4.17503,avc1,0,0,0,0,0,1,0,0,train,source_0470,val,104,104,data/4_te2.mp4
2aba75a51ca08cf863375a0f0681d4f0b38ea6599d71d5d4c45fbbc46c6b23ec,5_te7.mp4,D:\AI_Safety_Monitoring\Datasets\Safe_Unsafe\data\5_te7.mp4,1,1,['Authorized Intervention'],Authorized Intervention,['test'],test,False,1920,1080,25.08,200,7.974482,avc1,1,0,0,0,0,0,0,0,train,source_0536,val,200,200,data/5_te7.mp4
2abebc40bd1d770fe61399d914966235175d997a1c8236af37dd473cc17262dc,0_te32.mp4,D:\AI_Safety_Monitoring\Datasets\Safe_Unsafe\data\0_te32.mp4,1,1,['Safe Walkway Violation'],Safe Walkway Violation,['test'],test,False,1920,1080,24.83,347,13.97503,avc1,0,0,0,0,0,0,1,0,train,source_0052,train,347,347,data/0_te32.mp4
2b12fb4398de118cd26129431a62326552c95937774562d51d79dcfb510df4ca,0_tr45.mp4,D:\AI_Safety_Monitoring\Datasets\Safe_Unsafe\data\0_tr45.mp4,1,1,['Safe Walkway Violation'],Safe Walkway Violation,['train'],train,False,1920,1080,24.8,172,6.935484,avc1,0,0,0,0,0,0,1,0,train,source_0164,train,172,172,data/0_tr45.mp4
2b968619009f7f6c7460aeffd6a01ebe6eb0dd533eac5ae5981aee5f5ddcddc3,0_te19.mp4,D:\AI_Safety_Monitoring\Datasets\Safe_Unsafe\data\0_te19.mp4,1,1,['Safe Walkway Violation'],Safe Walkway Violation,['test'],test,False,1920,1080,24.83,224,9.021345,avc1,0,0,0,0,0,0,1,0,train,source_0038,train,224,224,data/0_te19.mp4
2c2ab43e3fb193cabd1636c6d6c7aee7c65f6d30e3c650c4bf6967759213dee4,1_tr82.mp4,D:\AI_Safety_Monitoring\Datasets\Safe_Unsafe\data\1_tr82.mp4,1,1,['Unauthorized Intervention'],Unauthorized Intervention,['train'],train,False,1920,1080,24.92,193,7.744783,avc1,0,0,0,0,0,0,0,1,train,source_0286,train,193,193,data/1_tr82.mp4
2c346269abc2214eed2346ecc4290bc34c5d23190234a610a8426a34002c53eb,0_tr117.mp4,D:\AI_Safety_Monitoring\Datasets\Safe_Unsafe\data\0_tr117.mp4,2,2,"['Safe Walkway Violation', 'Unauthorized Intervention']",Safe Walkway Violation | Unauthorized Intervention,['train'],train,False,1920,1080,24.83,224,9.021345,avc1,0,0,0,0,0,0,1,1,train,source_0075,train,224,224,data/0_tr117.mp4
2d6a44bbd2765defbf066b3116949b73ef4c3e4b023b90c03ce2f6b7975f6162,2_tr103.mp4,D:\AI_Safety_Monitoring\Datasets\Safe_Unsafe\data\2_tr103.mp4,1,1,['Opened Panel Cover'],Opened Panel Cover,['train'],train,False,1920,1080,25.0,175,7.0,avc1,0,0,0,1,0,0,0,0,train,source_0315,val,175,175,data/2_tr103.mp4
2ddf162da42d314488065ac8cb298e6832d06830d7e5e64752ebc0fd02a2c828,2_tr14.mp4,D:\AI_Safety_Monitoring\Datasets\Safe_Unsafe\data\2_tr14.mp4,1,1,['Opened Panel Cover'],Opened Panel Cover,['train'],train,False,1920,1080,25.0,100,4.0,avc1,0,0,0,1,0,0,0,0,train,source_0339,test,100,100,data/2_tr14.mp4
2e1b08d580e2ed0a0ee22e7f35b066fd2363c6a5e8fa0a9871509abd042a7787,4_te23.mp4,D:\AI_Safety_Monitoring\Datasets\Safe_Unsafe\data\4_te23.mp4,1,1,['Safe Walkway'],Safe Walkway,['test'],test,False,1920,1080,25.11,349,13.898845,avc1,0,0,0,0,0,1,0,0,val,source_0473,test,349,349,data/4_te23.mp4
2e1f7eb4f96c1a55daaacb64f8577bdf4e2b768501bd2a9f8886e4e6b30ea46a,2_tr69.mp4,D:\AI_Safety_Monitoring\Datasets\Safe_Unsafe\data\2_tr69.mp4,1,1,['Opened Panel Cover'],Opened Panel Cover,['train'],train,False,1920,1080,25.05,150,5.988024,avc1,0,0,0,1,0,0,0,0,train,source_0397,val,150,150,data/2_tr69.mp4
2e9b0b354e963a03180331d1b6f0c981e34c3ce81144196f3c86a4fecfb3cbe4,2_tr6.mp4,D:\AI_Safety_Monitoring\Datasets\Safe_Unsafe\data\2_tr6.mp4,1,1,['Opened Panel Cover'],Opened Panel Cover,['train'],train,False,1920,1080,24.97,88,3.524229,avc1,0,0,0,1,0,0,0,0,train,source_0387,train,88,88,data/2_tr6.mp4
2ea82f4a131d7eb0462172ed5c08aeeacf00d9fdf6246fb0d212b33fa3f51ab0,0_tr135.mp4,D:\AI_Safety_Monitoring\Datasets\Safe_Unsafe\data\0_tr135.mp4,1,1,['Safe Walkway Violation'],Safe Walkway Violation,['train'],train,False,1920,1080,24.9790413917917,261,10.44876,avc1,0,0,0,0,0,0,1,0,train,source_0091,val,261,261,data/0_tr135.mp4
2ec4c0c99b37f7f1f992dafeb8686696a20860047ae0e3679627c448aab6a505,0_te5.mp4,D:\AI_Safety_Monitoring\Datasets\Safe_Unsafe\data\0_te5.mp4,1,1,['Safe Walkway Violation'],Safe Walkway Violation,['test'],test,False,1920,1080,24.83,373,15.022151,avc1,0,0,0,0,0,0,1,0,train,source_0054,train,373,373,data/0_te5.mp4
2ec82eafe4a3b3f0ab650b40f14985a9fb9b29323e6ac7481acb96ff39d555cd,4_tr20.mp4,D:\AI_Safety_Monitoring\Datasets\Safe_Unsafe\data\4_tr20.mp4,1,1,['Safe Walkway'],Safe Walkway,['train'],train,False,1920,1080,24.83,175,7.047926,avc1,0,0,0,0,0,1,0,0,train,source_0491,train,175,175,data/4_tr20.mp4
2f908248a6116c2d8b43cab7b7053289c2df04581fd0ffeb23dd41764c9c5cac,1_tr25.mp4,D:\AI_Safety_Monitoring\Datasets\Safe_Unsafe\data\1_tr25.mp4,1,1,['Unauthorized Intervention'],Unauthorized Intervention,['train'],train,False,1920,1080,24.8,421,16.975806,avc1,0,0,0,0,0,0,0,1,test,source_0240,test,421,421,data/1_tr25.mp4
2fcad0da15eb8498980cb1af66642b89bed64ee8de17a185f78781a7f9ab0697,1_tr63.mp4,D:\AI_Safety_Monitoring\Datasets\Safe_Unsafe\data\1_tr63.mp4,1,1,['Unauthorized Intervention'],Unauthorized Intervention,['train'],train,False,1920,1080,24.9608120638329,260,10.416328,avc1,0,0,0,0,0,0,0,1,test,source_0272,test,260,260,data/1_tr63.mp4
2fd6cbb8d7711c0b51c1390ec43270752e2e2f2e1ac33bd46996ae29523df4ff,1_tr27.mp4,D:\AI_Safety_Monitoring\Datasets\Safe_Unsafe\data\1_tr27.mp4,1,1,['Unauthorized Intervention'],Unauthorized Intervention,['train'],train,False,1920,1080,24.8,372,15.0,avc1,0,0,0,0,0,0,0,1,train,source_0242,test,372,372,data/1_tr27.mp4
314a3c0430703aadeb448674682f4ee73b6cc8b974067dff38fccf2eee78bb3f,7_tr22.mp4,D:\AI_Safety_Monitoring\Datasets\Safe_Unsafe\data\7_tr22.mp4,1,1,['Safe Carrying'],Safe Carrying,['train'],train,False,1920,1080,25.079778995973232,272,10.845391,avc1,0,0,0,0,1,0,0,0,val,source_0607,train,272,272,data/7_tr22.mp4
318fd5be7a7d58c324e3243fc7d41ebf9b4955fde336792cf14758a7c8b9dad3,6_tr6.mp4,D:\AI_Safety_Monitoring\Datasets\Safe_Unsafe\data\6_tr6.mp4,1,1,['Closed Panel Cover'],Closed Panel Cover,['train'],train,False,1920,1080,24.98,100,4.003203,avc1,0,0,1,0,0,0,0,0,train,source_0588,test,100,100,data/6_tr6.mp4
31be68f203b8fa5895b5f8566b84d5d8407636113fd34d134983cc4962ea1c32,0_tr16.mp4,D:\AI_Safety_Monitoring\Datasets\Safe_Unsafe\data\0_tr16.mp4,1,1,['Safe Walkway Violation'],Safe Walkway Violation,['train'],train,False,1920,1080,24.8,421,16.975806,avc1,0,0,0,0,0,0,1,0,train,source_0116,train,421,421,data/0_tr16.mp4
330f4e06874a98b99387f7e28d70f8ff2b513fbfd247d66b0dcbbef617d5d791,0_tr112.mp4,D:\AI_Safety_Monitoring\Datasets\Safe_Unsafe\data\0_tr112.mp4,1,1,['Safe Walkway Violation'],Safe Walkway Violation,['train'],train,False,1920,1080,24.83,224,9.021345,avc1,0,0,0,0,0,0,1,0,train,source_0070,train,224,224,data/0_tr112.mp4
3468ddb9a156d80b9fd31471df32ba2d7251354d38985c9a7405751f69a0b0c9,2_te10.mp4,D:\AI_Safety_Monitoring\Datasets\Safe_Unsafe\data\2_te10.mp4,1,1,['Opened Panel Cover'],Opened Panel Cover,['test'],test,False,1920,1080,24.99,209,8.363345,avc1,0,0,0,1,0,0,0,0,train,source_0301,train,209,209,data/2_te10.mp4
3507b209e6ffc3d8a155d80864bdacb58c77fdedd2328d4d38c07deb0e1824c2,4_tr23.mp4,D:\AI_Safety_Monitoring\Datasets\Safe_Unsafe\data\4_tr23.mp4,1,1,['Safe Walkway'],Safe Walkway,['train'],train,False,1920,1080,24.83,199,8.014499,avc1,0,0,0,0,0,1,0,0,train,source_0494,train,199,199,data/4_tr23.mp4
3534c5531b3b529f38fe25507546c7f7263f3a7d86148c54731b5ad29f057c29,0_tr77.mp4,D:\AI_Safety_Monitoring\Datasets\Safe_Unsafe\data\0_tr77.mp4,1,1,['Safe Walkway Violation'],Safe Walkway Violation,['train'],train,False,1920,1080,24.8,173,6.975806,avc1,0,0,0,0,0,0,1,0,test,source_0199,train,173,173,data/0_tr77.mp4
3588957b805a3dc8b072a28508dc47cd63a7005e679dc9113fae42e68f4070ae,7_te3.mp4,D:\AI_Safety_Monitoring\Datasets\Safe_Unsafe\data\7_te3.mp4,1,1,['Safe Carrying'],Safe Carrying,['test'],test,False,1920,1080,25.252158468597365,102,4.039259,avc1,0,0,0,0,1,0,0,0,train,source_0592,train,102,102,data/7_te3.mp4
3681a090a6af3eb380c85bfa7320e6d17afd654c71401f2e0e9f136429f2ecfb,2_tr73.mp4,D:\AI_Safety_Monitoring\Datasets\Safe_Unsafe\data\2_tr73.mp4,1,1,['Opened Panel Cover'],Opened Panel Cover,['train'],train,False,1920,1080,25.02,150,5.995204,avc1,0,0,0,1,0,0,0,0,train,source_0402,train,150,150,data/2_tr73.mp4
36c21aa4fa1fb84f0a5d89ac2345ddaa76e6c5a41257c55a5930fdc472d864e5,0_tr116.mp4,D:\AI_Safety_Monitoring\Datasets\Safe_Unsafe\data\0_tr116.mp4,1,1,['Safe Walkway Violation'],Safe Walkway Violation,['train'],train,False,1920,1080,24.83,224,9.021345,avc1,0,0,0,0,0,0,1,0,train,source_0074,val,224,224,data/0_tr116.mp4
36f9ab99701df73b4e78cf0096bb90065e9794025e868c523d6dd4d92d969768,6_te13.mp4,D:\AI_Safety_Monitoring\Datasets\Safe_Unsafe\data\6_te13.mp4,1,1,['Closed Panel Cover'],Closed Panel Cover,['test'],test,False,1920,1080,25.07,151,6.023135,avc1,0,0,1,0,0,0,0,0,train,source_0564,train,151,151,data/6_te13.mp4
372197b6f42c34815f07bb3a256e40dd9331897ae9e76a7085cd01cefb5ddac6,0_tr164.mp4,D:\AI_Safety_Monitoring\Datasets\Safe_Unsafe\data\0_tr164.mp4,1,1,['Safe Walkway Violation'],Safe Walkway Violation,['train'],train,False,1920,1080,24.83,298,12.001611,avc1,0,0,0,0,0,0,1,0,test,source_0120,train,298,298,data/0_tr164.mp4
37a357cf69ac970ee369831ad9c3b5245e56091c5a0466ed41b88d215584f6cc,7_te5.mp4,D:\AI_Safety_Monitoring\Datasets\Safe_Unsafe\data\7_te5.mp4,1,1,['Safe Carrying'],Safe Carrying,['test'],test,False,1920,1080,24.7698910859156,78,3.148984,avc1,0,0,0,0,1,0,0,0,train,source_0594,test,78,78,data/7_te5.mp4
38512345e0fc641a1012eba7bf8078412a79f03c84fc67625e7bdc141f29761c,0_tr27.mp4,D:\AI_Safety_Monitoring\Datasets\Safe_Unsafe\data\0_tr27.mp4,1,1,['Safe Walkway Violation'],Safe Walkway Violation,['train'],train,False,1920,1080,24.83,124,4.993959,avc1,0,0,0,0,0,0,1,0,val,source_0146,train,124,124,data/0_tr27.mp4
388ffe5057c83b293a2fc939abbd02ecfdc0e24f817a43d8c9d2eb491a6e336b,0_tr176.mp4,D:\AI_Safety_Monitoring\Datasets\Safe_Unsafe\data\0_tr176.mp4,1,1,['Safe Walkway Violation'],Safe Walkway Violation,['train'],train,False,1920,1080,24.83,347,13.97503,avc1,0,0,0,0,0,0,1,0,train,source_0133,train,347,347,data/0_tr176.mp4
390c0936874d00329ab46282482a77a40a1458ea2e4aa8b0096ed29e0320a752,1_tr47.mp4,D:\AI_Safety_Monitoring\Datasets\Safe_Unsafe\data\1_tr47.mp4,1,1,['Unauthorized Intervention'],Unauthorized Intervention,['train'],train,False,1920,1080,24.59,270,10.980073,avc1,0,0,0,0,0,0,0,1,train,source_0013,val,270,270,data/1_tr47.mp4
39c1884c810d76be4162b4a7017d44b989519d8f73943362968671941a7553e8,1_tr40.mp4,D:\AI_Safety_Monitoring\Datasets\Safe_Unsafe\data\1_tr40.mp4,1,1,['Unauthorized Intervention'],Unauthorized Intervention,['train'],train,False,1920,1080,24.59,271,11.02074,avc1,0,0,0,0,0,0,0,1,train,source_0254,train,271,271,data/1_tr40.mp4
3a537d9a358de52ba8c36b63ee0f9404a1e458a7a3da2e4742db610b76446e41,6_tr12.mp4,D:\AI_Safety_Monitoring\Datasets\Safe_Unsafe\data\6_tr12.mp4,1,1,['Closed Panel Cover'],Closed Panel Cover,['train'],train,False,1920,1080,25.11,76,3.026683,avc1,0,0,1,0,0,0,0,0,train,source_0576,train,76,76,data/6_tr12.mp4
3a88d41e8dec5c0393145b474d2015025d7d7035ad18d7b72dcd6ba040e053df,1_tr57.mp4,D:\AI_Safety_Monitoring\Datasets\Safe_Unsafe\data\1_tr57.mp4,1,1,['Unauthorized Intervention'],Unauthorized Intervention,['train'],train,False,1920,1080,23.673490864799025,247,10.433611,avc1,0,0,0,0,0,0,0,1,test,source_0019,train,247,247,data/1_tr57.mp4
3a8c080ea4fc42d366e243c29193aeee5fc4cf68b6b89e7b6c11ddfb33c9b5e8,4_tr26.mp4,D:\AI_Safety_Monitoring\Datasets\Safe_Unsafe\data\4_tr26.mp4,1,1,['Safe Walkway'],Safe Walkway,['train'],train,False,1920,1080,24.83,150,6.041079,avc1,0,0,0,0,0,1,0,0,val,source_0497,train,150,150,data/4_tr26.mp4
3af060690a75fbe26fc6ba347d5dd794a1b5d4e6d7ba36088006cfd7c6e3fd78,2_tr22.mp4,D:\AI_Safety_Monitoring\Datasets\Safe_Unsafe\data\2_tr22.mp4,1,1,['Opened Panel Cover'],Opened Panel Cover,['train'],train,False,1920,1080,25.0,100,4.0,avc1,0,0,0,1,0,0,0,0,train,source_0348,val,100,100,data/2_tr22.mp4
3afa2f0044c41e4b9a952f6d4514365a258498e5121bc1638c4b2a7dc707dea7,5_tr4.mp4,D:\AI_Safety_Monitoring\Datasets\Safe_Unsafe\data\5_tr4.mp4,1,1,['Authorized Intervention'],Authorized Intervention,['train'],train,False,1920,1080,25.06,196,7.821229,avc1,1,0,0,0,0,0,0,0,train,source_0555,test,196,196,data/5_tr4.mp4
3b10d054c4d98947fc682b48219c9643793e30f887ce5c4033b05dc7ebbb2e4d,1_tr37.mp4,D:\AI_Safety_Monitoring\Datasets\Safe_Unsafe\data\1_tr37.mp4,1,1,['Unauthorized Intervention'],Unauthorized Intervention,['train'],train,False,1920,1080,24.79,297,11.980637,avc1,0,0,0,0,0,0,0,1,val,source_0251,train,297,297,data/1_tr37.mp4
3b2048cf002dff0d90548615a66648c90a76795c114146c89a280ea73035ed89,0_tr177.mp4,D:\AI_Safety_Monitoring\Datasets\Safe_Unsafe\data\0_tr177.mp4,1,1,['Safe Walkway Violation'],Safe Walkway Violation,['train'],train,False,1920,1080,24.83,348,14.015304,avc1,0,0,0,0,0,0,1,0,train,source_0134,test,348,348,data/0_tr177.mp4
3bcceb8943d16143cdb36e60bb8519ec346e2283a140b0ab45dc743ddb95e25f,6_te2.mp4,D:\AI_Safety_Monitoring\Datasets\Safe_Unsafe\data\6_te2.mp4,1,1,['Closed Panel Cover'],Closed Panel Cover,['test'],test,False,1920,1080,24.11,125,5.184571,avc1,0,0,1,0,0,0,0,0,val,source_0565,train,125,125,data/6_te2.mp4
3cae2ed33f1f8bd632541286b519dd3fdb540656bf92d5e6ab6d2305598a1c4c,0_tr153.mp4,D:\AI_Safety_Monitoring\Datasets\Safe_Unsafe\data\0_tr153.mp4,1,1,['Safe Walkway Violation'],Safe Walkway Violation,['train'],train,False,1920,1080,24.83,297,11.961337,avc1,0,0,0,0,0,0,1,0,train,source_0109,train,297,297,data/0_tr153.mp4
3d5789ab5b966b443c17abcbd0585008162356dd869ca095cd7f6994fbdb2701,0_tr79.mp4,D:\AI_Safety_Monitoring\Datasets\Safe_Unsafe\data\0_tr79.mp4,1,1,['Safe Walkway Violation'],Safe Walkway Violation,['train'],train,False,1920,1080,24.8,174,7.016129,avc1,0,0,0,0,0,0,1,0,train,source_0201,test,174,174,data/0_tr79.mp4
3e580e322290bdf787a111f86400aa601649b48b5d490bc0ad14f72932dd9782,0_tr128.mp4,D:\AI_Safety_Monitoring\Datasets\Safe_Unsafe\data\0_tr128.mp4,1,1,['Safe Walkway Violation'],Safe Walkway Violation,['train'],train,False,1920,1080,25.08206805263568,262,10.44571,avc1,0,0,0,0,0,0,1,0,train,source_0084,train,262,262,data/0_tr128.mp4
3e7db8b7bbf61810dbf20ac24ff01971f190885c866fa91be1feedf077ef9669,1_te6.mp4,D:\AI_Safety_Monitoring\Datasets\Safe_Unsafe\data\1_te6.mp4,1,1,['Unauthorized Intervention'],Unauthorized Intervention,['test'],test,False,1920,1080,24.79,298,12.020976,avc1,0,0,0,0,0,0,0,1,train,source_0227,train,298,298,data/1_te6.mp4
3f7d8f45a980c50228a04536c07d9a9c059286d796c95456c26010f00cb9ff3d,7_tr14.mp4,D:\AI_Safety_Monitoring\Datasets\Safe_Unsafe\data\7_tr14.mp4,1,1,['Safe Carrying'],Safe Carrying,['train'],train,False,1920,1080,25.00210198520825,96,3.839677,avc1,0,0,0,0,1,0,0,0,test,source_0600,val,96,96,data/7_tr14.mp4
40e9dda2362db19c962f53442fc670fd7795c3e6d4455ab890ae85cc5c8c56b7,2_tr67.mp4,D:\AI_Safety_Monitoring\Datasets\Safe_Unsafe\data\2_tr67.mp4,1,1,['Opened Panel Cover'],Opened Panel Cover,['train'],train,False,1920,1080,25.05,150,5.988024,avc1,0,0,0,1,0,0,0,0,train,source_0395,train,150,150,data/2_tr67.mp4
4109d8ccfe8d5ab3fa5408a6b91a37f9385013dd9e54da68184f15f6205f9460,4_te25.mp4,D:\AI_Safety_Monitoring\Datasets\Safe_Unsafe\data\4_te25.mp4,1,1,['Safe Walkway'],Safe Walkway,['test'],test,False,1920,1080,25.11,202,8.044604,avc1,0,0,0,0,0,1,0,0,train,source_0475,val,202,202,data/4_te25.mp4
41acc24271276df8c456ad6a23f5e9832286c34cd5aac0edd77c046f96b906e0,6_te8.mp4,D:\AI_Safety_Monitoring\Datasets\Safe_Unsafe\data\6_te8.mp4,1,1,['Closed Panel Cover'],Closed Panel Cover,['test'],test,False,1920,1080,25.11,76,3.026683,avc1,0,0,1,0,0,0,0,0,val,source_0571,train,76,76,data/6_te8.mp4
41bb1585b51dceac2b03c3e0cc24ddbf6751ab67a10efa1b9997158398194aad,0_tr11.mp4,D:\AI_Safety_Monitoring\Datasets\Safe_Unsafe\data\0_tr11.mp4,1,1,['Safe Walkway Violation'],Safe Walkway Violation,['train'],train,False,1920,1080,24.83,373,15.022151,avc1,0,0,0,0,0,0,1,0,train,source_0067,test,373,373,data/0_tr11.mp4
41d3ab230b9a185b5d20e4b8e42c65ba813229f4a3597116efbab6c29d9c1990,0_tr88.mp4,D:\AI_Safety_Monitoring\Datasets\Safe_Unsafe\data\0_tr88.mp4,1,1,['Safe Walkway Violation'],Safe Walkway Violation,['train'],train,False,1920,1080,24.8,174,7.016129,avc1,0,0,0,0,0,0,1,0,val,source_0211,train,174,174,data/0_tr88.mp4
41f9937e2cdb62be0da0e3682f5a6b2144b4950cd0b2927d10f284f7d6951cbf,2_tr45.mp4,D:\AI_Safety_Monitoring\Datasets\Safe_Unsafe\data\2_tr45.mp4,1,1,['Opened Panel Cover'],Opened Panel Cover,['train'],train,False,1920,1080,25.02,125,4.996003,avc1,0,0,0,1,0,0,0,0,train,source_0372,test,125,125,data/2_tr45.mp4
42325a8d4006e3ca53c0f0d586403f475522c971156358a10d9ef8c019fcd488,2_tr55.mp4,D:\AI_Safety_Monitoring\Datasets\Safe_Unsafe\data\2_tr55.mp4,1,1,['Opened Panel Cover'],Opened Panel Cover,['train'],train,False,1920,1080,25.08,126,5.023923,avc1,0,0,0,1,0,0,0,0,train,source_0383,train,126,126,data/2_tr55.mp4
42c88ff841362fa0c36930d02df2d81527256949712911467e02fcf72f4f6f15,0_tr95.mp4,D:\AI_Safety_Monitoring\Datasets\Safe_Unsafe\data\0_tr95.mp4,1,1,['Safe Walkway Violation'],Safe Walkway Violation,['train'],train,False,1920,1080,24.83,199,8.014499,avc1,0,0,0,0,0,0,1,0,train,source_0219,train,199,199,data/0_tr95.mp4
42cde48ec104799b2d035635aa4027b0b91761173da9b2006b8f80e3ab6ca544,0_te30.mp4,D:\AI_Safety_Monitoring\Datasets\Safe_Unsafe\data\0_te30.mp4,1,1,['Safe Walkway Violation'],Safe Walkway Violation,['test'],test,False,1920,1080,24.83,347,13.97503,avc1,0,0,0,0,0,0,1,0,val,source_0050,train,347,347,data/0_te30.mp4
4328b1e179cf0aa6363902c4d588e3b34235e783932c1b726157ffd0e6ee923b,0_tr134.mp4,D:\AI_Safety_Monitoring\Datasets\Safe_Unsafe\data\0_tr134.mp4,1,1,['Safe Walkway Violation'],Safe Walkway Violation,['train'],train,False,1920,1080,24.98049976646427,261,10.44815,avc1,0,0,0,0,0,0,1,0,train,source_0090,train,260,260,data/0_tr134.mp4
4345d2c6368d720ffbf2419756117d28e63e6736c3ac8798d36cca1ea69df9dd,7_tr12.mp4,D:\AI_Safety_Monitoring\Datasets\Safe_Unsafe\data\7_tr12.mp4,1,1,['Safe Carrying'],Safe Carrying,['train'],train,False,1920,1080,24.77170537245631,100,4.036864,avc1,0,0,0,0,1,0,0,0,train,source_0598,train,100,100,data/7_tr12.mp4
434b733320c1bd562fd8564d8ca650a16b6e3d3db8a9ba8acc9578c71fa0220b,6_tr7.mp4,D:\AI_Safety_Monitoring\Datasets\Safe_Unsafe\data\6_tr7.mp4,1,1,['Closed Panel Cover'],Closed Panel Cover,['train'],train,False,1920,1080,24.99,100,4.001601,avc1,0,0,1,0,0,0,0,0,train,source_0589,train,100,100,data/6_tr7.mp4
4353720622a21b1640f55f3aa5c14b5d73c02ecfc085d18ebd339bbb13e4ba80,0_tr120.mp4,D:\AI_Safety_Monitoring\Datasets\Safe_Unsafe\data\0_tr120.mp4,1,1,['Safe Walkway Violation'],Safe Walkway Violation,['train'],train,False,1920,1080,24.83,224,9.021345,avc1,0,0,0,0,0,0,1,0,train,source_0078,train,224,224,data/0_tr120.mp4
4399e69036efcfa9fc8b65dff0cb1ebc06485d17f9a0a230928530609a0f1778,7_tr3.mp4,D:\AI_Safety_Monitoring\Datasets\Safe_Unsafe\data\7_tr3.mp4,1,1,['Safe Carrying'],Safe Carrying,['train'],train,False,1920,1080,24.920451134268195,227,9.108984,avc1,0,0,0,0,1,0,0,0,train,source_0029,train,227,227,data/7_tr3.mp4
43f2c90ba106b698e3703a6d09ec9f2a40e722ac3a38c7fcaa6652c9d06dc707,0_tr90.mp4,D:\AI_Safety_Monitoring\Datasets\Safe_Unsafe\data\0_tr90.mp4,1,1,['Safe Walkway Violation'],Safe Walkway Violation,['train'],train,False,1920,1080,24.8,174,7.016129,avc1,0,0,0,0,0,0,1,0,train,source_0214,test,174,174,data/0_tr90.mp4
4418d5c14f5834e78749149c3931e17ba9cf5abbf686b35f9b72e73e4a1b2025,4_te15.mp4,D:\AI_Safety_Monitoring\Datasets\Safe_Unsafe\data\4_te15.mp4,1,1,['Safe Walkway'],Safe Walkway,['test'],test,False,1920,1080,24.83,199,8.014499,avc1,0,0,0,0,0,1,0,0,train,source_0466,test,199,199,data/4_te15.mp4
44825fe341aeb3cefbde8cb00e5b3a5aa60b8c00e0c79366bdc203edded0a976,0_tr132.mp4,D:\AI_Safety_Monitoring\Datasets\Safe_Unsafe\data\0_tr132.mp4,1,1,['Safe Walkway Violation'],Safe Walkway Violation,['train'],train,False,1920,1080,24.9823229742946,261,10.447387,avc1,0,0,0,0,0,0,1,0,train,source_0088,train,261,261,data/0_tr132.mp4
44ada746ddd0704610f44b61171045be329059eb86bcba4b3dd9b693d669ac13,3_tr28.mp4,D:\AI_Safety_Monitoring\Datasets\Safe_Unsafe\data\3_tr28.mp4,1,1,['Carrying Overload with Forklift'],Carrying Overload with Forklift,['train'],train,False,1920,1080,25.0,125,5.0,avc1,0,1,0,0,0,0,0,0,train,source_0448,train,125,125,data/3_tr28.mp4
44d3a8ab2d99cf11ad93ae967fb70c048cd2425bfd3e0916a897d1fa656e7f38,0_tr131.mp4,D:\AI_Safety_Monitoring\Datasets\Safe_Unsafe\data\0_tr131.mp4,1,1,['Safe Walkway Violation'],Safe Walkway Violation,['train'],train,False,1920,1080,24.98426802267585,261,10.446574,avc1,0,0,0,0,0,0,1,0,train,source_0001,train,261,261,data/0_tr131.mp4
46b96fe7d6b8d829ac0d97069cb94632a3a8ba8259640d77502735d3131943c0,1_tr53.mp4,D:\AI_Safety_Monitoring\Datasets\Safe_Unsafe\data\1_tr53.mp4,1,1,['Unauthorized Intervention'],Unauthorized Intervention,['train'],train,False,1920,1080,25.072550908224123,262,10.449675,avc1,0,0,0,0,0,0,0,1,train,source_0264,train,262,262,data/1_tr53.mp4
47058c5c5e7939e304a8bf2d4f6bb621a1eefffe21a709d042de295c0b3f8a21,5_tr18.mp4,D:\AI_Safety_Monitoring\Datasets\Safe_Unsafe\data\5_tr18.mp4,1,1,['Authorized Intervention'],Authorized Intervention,['train'],train,False,1920,1080,24.95387062307591,260,10.419225,avc1,1,0,0,0,0,0,0,0,train,source_0548,train,260,260,data/5_tr18.mp4
473344384ebf026c1a3bfcbd50b82654dff3860c1e4b90a606a33e199e00d4d5,0_tr165.mp4,D:\AI_Safety_Monitoring\Datasets\Safe_Unsafe\data\0_tr165.mp4,1,1,['Safe Walkway Violation'],Safe Walkway Violation,['train'],train,False,1920,1080,24.83,322,12.968184,avc1,0,0,0,0,0,0,1,0,test,source_0121,train,322,322,data/0_tr165.mp4
47d81a3921fd446d7c09592b0368d1f5c1f644bd7c73634ef77dd42c37d58257,7_tr21.mp4,D:\AI_Safety_Monitoring\Datasets\Safe_Unsafe\data\7_tr21.mp4,1,1,['Safe Carrying'],Safe Carrying,['train'],train,False,1920,1080,25.047166833825457,279,11.138984,avc1,0,0,0,0,1,0,0,0,test,source_0007,train,279,279,data/7_tr21.mp4
47deef759545ae785cf9e9c028f89b91bc665abf095c512e9a369ba51cf54696,7_tr4.mp4,D:\AI_Safety_Monitoring\Datasets\Safe_Unsafe\data\7_tr4.mp4,1,1,['Safe Carrying'],Safe Carrying,['train'],train,False,1920,1080,25.078514420722044,204,8.134453,avc1,0,0,0,0,1,0,0,0,train,source_0608,train,204,204,data/7_tr4.mp4
48a2be87d3747649823a05c294cbde27dd604de98d29e4ee3fa11db398bb8f7a,0_tr108.mp4,D:\AI_Safety_Monitoring\Datasets\Safe_Unsafe\data\0_tr108.mp4,1,1,['Safe Walkway Violation'],Safe Walkway Violation,['train'],train,False,1920,1080,24.83,224,9.021345,avc1,0,0,0,0,0,0,1,0,train,source_0009,train,224,224,data/0_tr108.mp4
48b8c09292f124a405e5a123943255e0b86dd0ec70a7f0afbb12190a19f4b0fe,2_tr43.mp4,D:\AI_Safety_Monitoring\Datasets\Safe_Unsafe\data\2_tr43.mp4,1,1,['Opened Panel Cover'],Opened Panel Cover,['train'],train,False,1920,1080,25.02,125,4.996003,avc1,0,0,0,1,0,0,0,0,val,source_0370,train,125,125,data/2_tr43.mp4
48ca0f80a8564365574a4caed4739d714ca195f6276f6557fb472456386c0f90,2_te9.mp4,D:\AI_Safety_Monitoring\Datasets\Safe_Unsafe\data\2_te9.mp4,1,1,['Opened Panel Cover'],Opened Panel Cover,['test'],test,False,1920,1080,25.02,176,7.034373,avc1,0,0,0,1,0,0,0,0,train,source_0312,train,176,176,data/2_te9.mp4
48fae159fde762432b316e968eb9c2adc501152b6f57d43f61bae5d1ec01ee60,4_tr2.mp4,D:\AI_Safety_Monitoring\Datasets\Safe_Unsafe\data\4_tr2.mp4,1,1,['Safe Walkway'],Safe Walkway,['train'],train,False,1920,1080,24.99,212,8.483393,avc1,0,0,0,0,0,1,0,0,test,source_0490,test,212,212,data/4_tr2.mp4
4905adb9cb75aa4422945ee176b9016cb84ce0de4d853a646e47e0d083af5978,1_tr84.mp4,D:\AI_Safety_Monitoring\Datasets\Safe_Unsafe\data\1_tr84.mp4,1,1,['Unauthorized Intervention'],Unauthorized Intervention,['train'],train,False,1920,1080,24.79,174,7.018959,avc1,0,0,0,0,0,0,0,1,val,source_0288,train,174,174,data/1_tr84.mp4
49ebe826359681f356ee9b77455c8580dde91df257dd75e4855037c2bf353e44,6_tr11.mp4,D:\AI_Safety_Monitoring\Datasets\Safe_Unsafe\data\6_tr11.mp4,1,1,['Closed Panel Cover'],Closed Panel Cover,['train'],train,False,1920,1080,25.01,76,3.038784,avc1,0,0,1,0,0,0,0,0,test,source_0575,train,76,76,data/6_tr11.mp4
49f07f3eb4a47fea1c1a3f88151fc85c48dafb4343850647c9c362aac16bc9e5,4_tr7.mp4,D:\AI_Safety_Monitoring\Datasets\Safe_Unsafe\data\4_tr7.mp4,1,1,['Safe Walkway'],Safe Walkway,['train'],train,False,1920,1080,24.99,174,6.962785,avc1,0,0,0,0,0,1,0,0,train,source_0523,train,174,174,data/4_tr7.mp4
4a2085866fc0366e9af13518a8714d8ed5ac4fdbd6609e1bfa19f8a6ab9884cf,2_tr95.mp4,D:\AI_Safety_Monitoring\Datasets\Safe_Unsafe\data\2_tr95.mp4,1,1,['Opened Panel Cover'],Opened Panel Cover,['train'],train,False,1920,1080,25.0,175,7.0,avc1,0,0,0,1,0,0,0,0,train,source_0426,train,175,175,data/2_tr95.mp4
4c19f21e0b43376453489f31453d8941135029e025e8136bbde9e9c57def4ec1,4_tr47.mp4,D:\AI_Safety_Monitoring\Datasets\Safe_Unsafe\data\4_tr47.mp4,1,1,['Safe Walkway'],Safe Walkway,['train'],train,False,1920,1080,25.07,392,15.636219,avc1,0,0,0,0,0,1,0,0,test,source_0028,val,392,392,data/4_tr47.mp4
4ca9a2b10211db5d40f93fafc7bfac25bc5cd3171f047c798e1567bb0a9d82f3,3_tr24.mp4,D:\AI_Safety_Monitoring\Datasets\Safe_Unsafe\data\3_tr24.mp4,1,1,['Carrying Overload with Forklift'],Carrying Overload with Forklift,['train'],train,False,1920,1080,25.0,150,6.0,avc1,0,1,0,0,0,0,0,0,train,source_0446,test,150,150,data/3_tr24.mp4
4dd7a65401b29b07433faceb1c79637860c2fffef969971ce00654e45d387720,2_te4.mp4,D:\AI_Safety_Monitoring\Datasets\Safe_Unsafe\data\2_te4.mp4,1,1,['Opened Panel Cover'],Opened Panel Cover,['test'],test,False,1920,1080,25.02,126,5.035971,avc1,0,0,0,1,0,0,0,0,train,source_0307,test,126,126,data/2_te4.mp4
4e42df89260572bb880aeef2fd60e707a7f4f1a2c5241c2fb7680b925015d953,2_tr81.mp4,D:\AI_Safety_Monitoring\Datasets\Safe_Unsafe\data\2_tr81.mp4,1,1,['Opened Panel Cover'],Opened Panel Cover,['train'],train,False,1920,1080,25.05,151,6.027944,avc1,0,0,0,1,0,0,0,0,train,source_0411,train,151,151,data/2_tr81.mp4
4ead90a1047e2fdb2a6115e0a1bc1a37422716ff1044f324e441c5b343489446,2_tr119.mp4,D:\AI_Safety_Monitoring\Datasets\Safe_Unsafe\data\2_tr119.mp4,1,1,['Opened Panel Cover'],Opened Panel Cover,['train'],train,False,1920,1080,24.99,209,8.363345,avc1,0,0,0,1,0,0,0,0,test,source_0006,train,209,209,data/2_tr119.mp4
4eeaf1c24f0a3cd23e594956d6c3a5a506c67aa52ba6b1cff14f297f55a02662,4_tr13.mp4,D:\AI_Safety_Monitoring\Datasets\Safe_Unsafe\data\4_tr13.mp4,1,1,['Safe Walkway'],Safe Walkway,['train'],train,False,1920,1080,25.063664853993576,261,10.413481,avc1,0,0,0,0,0,1,0,0,train,source_0484,test,261,261,data/4_tr13.mp4
4f0e0cdabd1da662d1a266ede424388acf32759385df81160f47df30175dd2f9,2_tr56.mp4,D:\AI_Safety_Monitoring\Datasets\Safe_Unsafe\data\2_tr56.mp4,1,1,['Opened Panel Cover'],Opened Panel Cover,['train'],train,False,1920,1080,25.08,126,5.023923,avc1,0,0,0,1,0,0,0,0,train,source_0384,test,126,126,data/2_tr56.mp4
4f19c583011b673481877b556476146ca9c1fca3126ba035db5f0d52c0935320,3_tr17.mp4,D:\AI_Safety_Monitoring\Datasets\Safe_Unsafe\data\3_tr17.mp4,1,1,['Carrying Overload with Forklift'],Carrying Overload with Forklift,['train'],train,False,1920,1080,25.0,250,10.0,avc1,0,1,0,0,0,0,0,0,train,source_0442,train,250,250,data/3_tr17.mp4
4f1fad10d3b544dfd0b40e5ee84209d55ae83a77968ab3fa8a232403f15dadaf,5_te4.mp4,D:\AI_Safety_Monitoring\Datasets\Safe_Unsafe\data\5_te4.mp4,1,1,['Authorized Intervention'],Authorized Intervention,['test'],test,False,1920,1080,24.94,219,8.781075,avc1,1,0,0,0,0,0,0,0,train,source_0533,train,219,219,data/5_te4.mp4
4f5d63bc5ade653986ed4f8e48f61bc44a10484890028b242a8b5f64dd492768,1_tr44.mp4,D:\AI_Safety_Monitoring\Datasets\Safe_Unsafe\data\1_tr44.mp4,1,1,['Unauthorized Intervention'],Unauthorized Intervention,['train'],train,False,1920,1080,24.59,270,10.980073,avc1,0,0,0,0,0,0,0,1,train,source_0257,train,270,270,data/1_tr44.mp4
4f5e071e80e057f531db0cadcd05edcbbcfdef2f521c9279be65d0b6aa5ec58e,2_tr122.mp4,D:\AI_Safety_Monitoring\Datasets\Safe_Unsafe\data\2_tr122.mp4,1,1,['Opened Panel Cover'],Opened Panel Cover,['train'],train,False,1920,1080,25.02,251,10.031974,avc1,0,0,0,1,0,0,0,0,test,source_0020,test,251,251,data/2_tr122.mp4
4f71084ef579ae69d68942e29a6af39228d3c4e84ff22a349546100342ed852d,2_tr64.mp4,D:\AI_Safety_Monitoring\Datasets\Safe_Unsafe\data\2_tr64.mp4,1,1,['Opened Panel Cover'],Opened Panel Cover,['train'],train,False,1920,1080,25.02,126,5.035971,avc1,0,0,0,1,0,0,0,0,train,source_0392,val,126,126,data/2_tr64.mp4
507b1c9e622b1b7061930dde001f7dbaa296d76689b46c42fe1dac384052b415,3_te5.mp4,D:\AI_Safety_Monitoring\Datasets\Safe_Unsafe\data\3_te5.mp4,1,1,['Carrying Overload with Forklift'],Carrying Overload with Forklift,['test'],test,False,1920,1080,25.0,125,5.0,avc1,0,1,0,0,0,0,0,0,val,source_0433,train,125,125,data/3_te5.mp4
50d2dc83e468f5a43c0d7017165b9c90ee015d428ff76803df1793c3521574ed,0_tr150.mp4,D:\AI_Safety_Monitoring\Datasets\Safe_Unsafe\data\0_tr150.mp4,1,1,['Safe Walkway Violation'],Safe Walkway Violation,['train'],train,False,1920,1080,24.83,274,11.035038,avc1,0,0,0,0,0,0,1,0,train,source_0012,test,274,274,data/0_tr150.mp4
5265bac21d7375e8b7c8852cf08f0486c0f54520282cf812d3227954c9da84db,0_tr7.mp4,D:\AI_Safety_Monitoring\Datasets\Safe_Unsafe\data\0_tr7.mp4,2,2,"['Safe Walkway Violation', 'Unauthorized Intervention']",Safe Walkway Violation | Unauthorized Intervention,['train'],train,False,1920,1080,24.83,372,14.981877,avc1,0,0,0,0,0,0,1,1,train,source_0191,train,372,372,data/0_tr7.mp4
5322b98b70248e29777114a28fff66174953f760c1d50c91b0406542aa196d39,0_tr113.mp4,D:\AI_Safety_Monitoring\Datasets\Safe_Unsafe\data\0_tr113.mp4,1,1,['Safe Walkway Violation'],Safe Walkway Violation,['train'],train,False,1920,1080,24.83,224,9.021345,avc1,0,0,0,0,0,0,1,0,train,source_0071,test,224,224,data/0_tr113.mp4
53def8b564e58d156dd8fc5ec4d69cf7118a09854261c7bf8e5ed93bc4fb7609,2_tr41.mp4,D:\AI_Safety_Monitoring\Datasets\Safe_Unsafe\data\2_tr41.mp4,1,1,['Opened Panel Cover'],Opened Panel Cover,['train'],train,False,1920,1080,25.08,125,4.984051,avc1,0,0,0,1,0,0,0,0,test,source_0368,train,125,125,data/2_tr41.mp4
5449b7e5fd352956ba61549610a09af3095f01aa2e4ccf8983788ef8678abaa8,4_te13.mp4,D:\AI_Safety_Monitoring\Datasets\Safe_Unsafe\data\4_te13.mp4,1,1,['Safe Walkway'],Safe Walkway,['test'],test,False,1920,1080,24.83,213,8.578333,avc1,0,0,0,0,0,1,0,0,val,source_0464,train,213,213,data/4_te13.mp4
547f4a1d622b9fee51b31501e077ffef9a21f220cc4cefe8ff6c7a30efa9a050,6_te5.mp4,D:\AI_Safety_Monitoring\Datasets\Safe_Unsafe\data\6_te5.mp4,1,1,['Closed Panel Cover'],Closed Panel Cover,['test'],test,False,1920,1080,25.0,100,4.0,avc1,0,0,1,0,0,0,0,0,train,source_0568,val,100,100,data/6_te5.mp4
54b328dc77be750617d00b42a4ba9aa51909b58725810432b8ded2aba6e02e52,0_te16.mp4,D:\AI_Safety_Monitoring\Datasets\Safe_Unsafe\data\0_te16.mp4,1,1,['Safe Walkway Violation'],Safe Walkway Violation,['test'],test,False,1920,1080,24.83,223,8.981071,avc1,0,0,0,0,0,0,1,0,train,source_0035,train,223,223,data/0_te16.mp4
54c08905d05f6064eef187b89c2cbb25e67ab364ebc14d8dde505f96e852a940,2_tr25.mp4,D:\AI_Safety_Monitoring\Datasets\Safe_Unsafe\data\2_tr25.mp4,1,1,['Opened Panel Cover'],Opened Panel Cover,['train'],train,False,1920,1080,25.0,100,4.0,avc1,0,0,0,1,0,0,0,0,train,source_0351,train,100,100,data/2_tr25.mp4
551e0f9db1c09ed3b0f96289ec0d299b948814793b1168a92f5cb1215903d965,0_tr142.mp4,D:\AI_Safety_Monitoring\Datasets\Safe_Unsafe\data\0_tr142.mp4,1,1,['Safe Walkway Violation'],Safe Walkway Violation,['train'],train,False,1920,1080,24.971994980691225,261,10.451708,avc1,0,0,0,0,0,0,1,0,train,source_0098,val,261,261,data/0_tr142.mp4
5520b00ee3e21e8352c64b8b7a51d45628b4a632c44316075bbd90754ce0e4c8,2_tr80.mp4,D:\AI_Safety_Monitoring\Datasets\Safe_Unsafe\data\2_tr80.mp4,1,1,['Opened Panel Cover'],Opened Panel Cover,['train'],train,False,1920,1080,25.05,151,6.027944,avc1,0,0,0,1,0,0,0,0,train,source_0410,val,151,151,data/2_tr80.mp4
55a70047bbafeb17114d56447c5e00439a54a7b133496b91a2d047cb70f226a2,0_te24.mp4,D:\AI_Safety_Monitoring\Datasets\Safe_Unsafe\data\0_te24.mp4,1,1,['Safe Walkway Violation'],Safe Walkway Violation,['test'],test,False,1920,1080,24.83,297,11.961337,avc1,0,0,0,0,0,0,1,0,train,source_0044,val,297,297,data/0_te24.mp4
560ab206ab1fe927451b2c35d5834078fecd31b1bceaa83682c42370f3b0dbd7,2_te6.mp4,D:\AI_Safety_Monitoring\Datasets\Safe_Unsafe\data\2_te6.mp4,1,1,['Opened Panel Cover'],Opened Panel Cover,['test'],test,False,1920,1080,24.92,173,6.942215,avc1,0,0,0,1,0,0,0,0,val,source_0309,train,173,173,data/2_te6.mp4
56149e451621242213c9abf1beb180fbdfd71c78def6e26ad23ebb95cb850d50,1_tr86.mp4,D:\AI_Safety_Monitoring\Datasets\Safe_Unsafe\data\1_tr86.mp4,1,1,['Unauthorized Intervention'],Unauthorized Intervention,['train'],train,False,1920,1080,24.8,174,7.016129,avc1,0,0,0,0,0,0,0,1,train,source_0290,train,174,174,data/1_tr86.mp4
561e7dc1ff63b8b502afb475e5de0ab29e77041e3e8273f80e1bf43cbdd5f88d,6_tr3.mp4,D:\AI_Safety_Monitoring\Datasets\Safe_Unsafe\data\6_tr3.mp4,1,1,['Closed Panel Cover'],Closed Panel Cover,['train'],train,False,1920,1080,24.92,130,5.216693,avc1,0,0,1,0,0,0,0,0,train,source_0585,test,130,130,data/6_tr3.mp4
565718e881aa62b6e861a9b65393da361ae78966dabfbf29d9e37bd621060279,2_tr32.mp4,D:\AI_Safety_Monitoring\Datasets\Safe_Unsafe\data\2_tr32.mp4,1,1,['Opened Panel Cover'],Opened Panel Cover,['train'],train,False,1920,1080,25.02,101,4.036771,avc1,0,0,0,1,0,0,0,0,train,source_0359,test,101,101,data/2_tr32.mp4
58142a4d4930adbaae89e2e017be9e465a30fe888f808f0cfea3f23d021ac615,4_tr31.mp4,D:\AI_Safety_Monitoring\Datasets\Safe_Unsafe\data\4_tr31.mp4,1,1,['Safe Walkway'],Safe Walkway,['train'],train,False,1920,1080,24.83,100,4.027386,avc1,0,0,0,0,0,1,0,0,train,source_0503,train,100,100,data/4_tr31.mp4
582e9e09d6cb8b5428128b195766efeb690d1644d4f7d88cef6faf3e81ccdb46,4_te10.mp4,D:\AI_Safety_Monitoring\Datasets\Safe_Unsafe\data\4_te10.mp4,1,1,['Safe Walkway'],Safe Walkway,['test'],test,False,1920,1080,24.83,249,10.028192,avc1,0,0,0,0,0,1,0,0,train,source_0461,train,249,249,data/4_te10.mp4
5ade89616d2ffa1f4d46f5fe0e2feac5d412cedd5c4a14b399f18424c0108752,0_tr174.mp4,D:\AI_Safety_Monitoring\Datasets\Safe_Unsafe\data\0_tr174.mp4,1,1,['Safe Walkway Violation'],Safe Walkway Violation,['train'],train,False,1920,1080,24.83,323,13.008458,avc1,0,0,0,0,0,0,1,0,train,source_0131,train,323,323,data/0_tr174.mp4
5b92b80caf2718c47767e5169ba3a8f6d2b430b9cd1e7fc68ec42bd7c67b44eb,1_tr33.mp4,D:\AI_Safety_Monitoring\Datasets\Safe_Unsafe\data\1_tr33.mp4,1,1,['Unauthorized Intervention'],Unauthorized Intervention,['train'],train,False,1920,1080,24.83,323,13.008458,avc1,0,0,0,0,0,0,0,1,train,source_0248,train,323,323,data/1_tr33.mp4
5c253a6551b388be1cfb6cd8b3760ff20e675059d9e385b705bd0c478e5a78e0,0_tr109.mp4,D:\AI_Safety_Monitoring\Datasets\Safe_Unsafe\data\0_tr109.mp4,2,2,"['Safe Walkway Violation', 'Unauthorized Intervention']",Safe Walkway Violation | Unauthorized Intervention,['train'],train,False,1920,1080,24.83,224,9.021345,avc1,0,0,0,0,0,0,1,1,val,source_0066,train,224,224,data/0_tr109.mp4
5c4d35e9f56295b54dc5fcb1c775690da2c1935ac737b2a432ed078f949641ac,1_tr46.mp4,D:\AI_Safety_Monitoring\Datasets\Safe_Unsafe\data\1_tr46.mp4,1,1,['Unauthorized Intervention'],Unauthorized Intervention,['train'],train,False,1920,1080,24.59,270,10.980073,avc1,0,0,0,0,0,0,0,1,train,source_0259,train,270,270,data/1_tr46.mp4
5d19425ab3400047dab56a888d5e6962a5c8506b997e95b56ff687c4dc292656,3_tr35.mp4,D:\AI_Safety_Monitoring\Datasets\Safe_Unsafe\data\3_tr35.mp4,1,1,['Carrying Overload with Forklift'],Carrying Overload with Forklift,['train'],train,False,1920,1080,25.0,110,4.4,avc1,0,1,0,0,0,0,0,0,train,source_0003,test,110,110,data/3_tr35.mp4
5d61b5b22b41aca2bbadeea919b35d60dea81535972f6631171cbb926aacd40e,2_tr23.mp4,D:\AI_Safety_Monitoring\Datasets\Safe_Unsafe\data\2_tr23.mp4,1,1,['Opened Panel Cover'],Opened Panel Cover,['train'],train,False,1920,1080,25.0,100,4.0,avc1,0,0,0,1,0,0,0,0,train,source_0349,train,100,100,data/2_tr23.mp4
5e09d09102e9c5706c238378a12008fc41a8631103cde9fccfbd8f91879dcad6,7_tr19.mp4,D:\AI_Safety_Monitoring\Datasets\Safe_Unsafe\data\7_tr19.mp4,1,1,['Safe Carrying'],Safe Carrying,['train'],train,False,1920,1080,25.064783326697256,300,11.968984,avc1,0,0,0,0,1,0,0,0,test,source_0605,test,300,300,data/7_tr19.mp4
5e8d39727c286702a2eb61f63b6904ed801422ef48045350c7a95dc907d3913a,0_tr100.mp4,D:\AI_Safety_Monitoring\Datasets\Safe_Unsafe\data\0_tr100.mp4,1,1,['Safe Walkway Violation'],Safe Walkway Violation,['train'],train,False,1920,1080,24.83,199,8.014499,avc1,0,0,0,0,0,0,1,0,train,source_0060,train,199,199,data/0_tr100.mp4
5ed837ed236df6f7ecf6c4d4a4d5b1fc307e927804f2e29d7feb0314b4ed3965,3_tr25.mp4,D:\AI_Safety_Monitoring\Datasets\Safe_Unsafe\data\3_tr25.mp4,1,1,['Carrying Overload with Forklift'],Carrying Overload with Forklift,['train'],train,False,1920,1080,25.0,150,6.0,avc1,0,1,0,0,0,0,0,0,train,source_0000,val,150,150,data/3_tr25.mp4
5ee0f91f808453346e5aae1b0882ab04d038e79f01f9b3aa9b3da8006a7bd202,2_tr96.mp4,D:\AI_Safety_Monitoring\Datasets\Safe_Unsafe\data\2_tr96.mp4,1,1,['Opened Panel Cover'],Opened Panel Cover,['train'],train,False,1920,1080,25.0,175,7.0,avc1,0,0,0,1,0,0,0,0,val,source_0427,test,175,175,data/2_tr96.mp4
5ee95f564343298bf676ad464892c74ee32fbd9519918c8e08bb43ec26bc7057,0_tr170.mp4,D:\AI_Safety_Monitoring\Datasets\Safe_Unsafe\data\0_tr170.mp4,2,2,"['Safe Walkway Violation', 'Unauthorized Intervention']",Safe Walkway Violation | Unauthorized Intervention,['train'],train,False,1920,1080,24.83,323,13.008458,avc1,0,0,0,0,0,0,1,1,train,source_0127,train,323,323,data/0_tr170.mp4
5f98bdeb1ab1609bcd46af3b5ec176d8ad4c9a487e0849afe72848e7bb25d8fd,3_tr36.mp4,D:\AI_Safety_Monitoring\Datasets\Safe_Unsafe\data\3_tr36.mp4,1,1,['Carrying Overload with Forklift'],Carrying Overload with Forklift,['train'],train,False,1920,1080,25.0,100,4.0,avc1,0,1,0,0,0,0,0,0,test,source_0003,test,100,100,data/3_tr36.mp4
5ff9dee5a340577a32704f27ee4ce11ad5b3f320909d355051fbb230a4ce414c,3_tr33.mp4,D:\AI_Safety_Monitoring\Datasets\Safe_Unsafe\data\3_tr33.mp4,1,1,['Carrying Overload with Forklift'],Carrying Overload with Forklift,['train'],train,False,1920,1080,25.0,125,5.0,avc1,0,1,0,0,0,0,0,0,train,source_0452,train,125,125,data/3_tr33.mp4
603f5debdefa14a184812e3256a3c24a62924048edf0d9bdfc906b1019815840,3_tr27.mp4,D:\AI_Safety_Monitoring\Datasets\Safe_Unsafe\data\3_tr27.mp4,1,1,['Carrying Overload with Forklift'],Carrying Overload with Forklift,['train'],train,False,1920,1080,25.0,125,5.0,avc1,0,1,0,0,0,0,0,0,test,source_0000,val,125,125,data/3_tr27.mp4
60a0181ccf9a1748cf7f9cf9e85214d0e068364d51c1013f24abd8d422decf1d,4_te6.mp4,D:\AI_Safety_Monitoring\Datasets\Safe_Unsafe\data\4_te6.mp4,1,1,['Safe Walkway'],Safe Walkway,['test'],test,False,1920,1080,24.968001132530475,260,10.413329,avc1,0,0,0,0,0,1,0,0,train,source_0478,test,260,260,data/4_te6.mp4
612ec2bd165c5777a5282b3778c1df4deebedeafbea8be762ec68cac825e5d26,3_te3.mp4,D:\AI_Safety_Monitoring\Datasets\Safe_Unsafe\data\3_te3.mp4,1,1,['Carrying Overload with Forklift'],Carrying Overload with Forklift,['test'],test,False,1920,1080,25.0,175,7.0,avc1,0,1,0,0,0,0,0,0,train,source_0432,train,175,175,data/3_te3.mp4
614d01a6978c8439615ba51731bbe9ded8bfc73d0015bda92a64acfb52d7087f,1_tr92.mp4,D:\AI_Safety_Monitoring\Datasets\Safe_Unsafe\data\1_tr92.mp4,1,1,['Unauthorized Intervention'],Unauthorized Intervention,['train'],train,False,1920,1080,24.8,173,6.975806,avc1,0,0,0,0,0,0,0,1,train,source_0295,val,173,173,data/1_tr92.mp4
61909f129f42fa0b72e6735b5afb12d0036b73b049dd8220afbc7655bde38f3c,0_tr21.mp4,D:\AI_Safety_Monitoring\Datasets\Safe_Unsafe\data\0_tr21.mp4,1,1,['Safe Walkway Violation'],Safe Walkway Violation,['train'],train,False,1920,1080,24.83,124,4.993959,avc1,0,0,0,0,0,0,1,0,val,source_0140,train,124,124,data/0_tr21.mp4
61d6071e4754251f4cb683bf3bf45debb5ec298ab841aad0b692ab804cce6ecd,5_tr12.mp4,D:\AI_Safety_Monitoring\Datasets\Safe_Unsafe\data\5_tr12.mp4,1,1,['Authorized Intervention'],Authorized Intervention,['train'],train,False,1920,1080,24.95,125,5.01002,avc1,1,0,0,0,0,0,0,0,train,source_0542,test,125,125,data/5_tr12.mp4
62911f198e5455383c262def970a7c4a2f8de1d4dbc5719ac57d11e840554e38,1_tr85.mp4,D:\AI_Safety_Monitoring\Datasets\Safe_Unsafe\data\1_tr85.mp4,1,1,['Unauthorized Intervention'],Unauthorized Intervention,['train'],train,False,1920,1080,24.8,174,7.016129,avc1,0,0,0,0,0,0,0,1,val,source_0289,val,174,174,data/1_tr85.mp4
62a53f9b1d5e3ea12866e4a4951870dabfb9ae3f0b73de89d580c98004faad24,5_tr20.mp4,D:\AI_Safety_Monitoring\Datasets\Safe_Unsafe\data\5_tr20.mp4,1,1,['Authorized Intervention'],Authorized Intervention,['train'],train,False,1920,1080,24.29044978916133,253,10.415616,avc1,1,0,0,0,0,0,0,0,test,source_0550,train,253,253,data/5_tr20.mp4
63325b7985914c466d172330b313842efc3d5a122f90e9acf44ef775b59a0052,4_tr16.mp4,D:\AI_Safety_Monitoring\Datasets\Safe_Unsafe\data\4_tr16.mp4,1,1,['Safe Walkway'],Safe Walkway,['train'],train,False,1920,1080,25.0,195,7.8,avc1,0,0,0,0,0,1,0,0,train,source_0486,train,195,195,data/4_tr16.mp4
63ade6067285ab8e6be730e7830c98878179840a6e9968a9414ba48a8c5537df,0_tr74.mp4,D:\AI_Safety_Monitoring\Datasets\Safe_Unsafe\data\0_tr74.mp4,1,1,['Safe Walkway Violation'],Safe Walkway Violation,['train'],train,False,1920,1080,24.8,173,6.975806,avc1,0,0,0,0,0,0,1,0,test,source_0196,train,173,173,data/0_tr74.mp4
63cb8d7264112f3e311e11e1c4368891820c6537a3e78f939b712af54557b6e4,0_tr87.mp4,D:\AI_Safety_Monitoring\Datasets\Safe_Unsafe\data\0_tr87.mp4,1,1,['Safe Walkway Violation'],Safe Walkway Violation,['train'],train,False,1920,1080,24.8,174,7.016129,avc1,0,0,0,0,0,0,1,0,train,source_0210,train,174,174,data/0_tr87.mp4
63cfb6e50374a446a8f2a2ec2d1502c971bd60390b24e047a6aac05a55ae8820,5_tr3.mp4,D:\AI_Safety_Monitoring\Datasets\Safe_Unsafe\data\5_tr3.mp4,1,1,['Authorized Intervention'],Authorized Intervention,['train'],train,False,1920,1080,25.06,196,7.821229,avc1,1,0,0,0,0,0,0,0,train,source_0554,val,196,196,data/5_tr3.mp4
642fc9d2fbd706dae6f61ea1c36f535cc46eede96f704cfcbeb2e1debf6d165d,2_tr71.mp4,D:\AI_Safety_Monitoring\Datasets\Safe_Unsafe\data\2_tr71.mp4,1,1,['Opened Panel Cover'],Opened Panel Cover,['train'],train,False,1920,1080,25.05,150,5.988024,avc1,0,0,0,1,0,0,0,0,train,source_0400,train,150,150,data/2_tr71.mp4
64389c18aa544785541e7d1a52ea6a111c64531c0e96f042f8c5dfa3ab89b28f,0_tr39.mp4,D:\AI_Safety_Monitoring\Datasets\Safe_Unsafe\data\0_tr39.mp4,1,1,['Safe Walkway Violation'],Safe Walkway Violation,['train'],train,False,1920,1080,24.83,125,5.034233,avc1,0,0,0,0,0,0,1,0,train,source_0157,train,125,125,data/0_tr39.mp4
64da383a4abbc2678259c5caef4ea2531f45e5a80600404439e93ad9171df04b,1_te7.mp4,D:\AI_Safety_Monitoring\Datasets\Safe_Unsafe\data\1_te7.mp4,1,1,['Unauthorized Intervention'],Unauthorized Intervention,['test'],test,False,1920,1080,24.83,298,12.001611,avc1,0,0,0,0,0,0,0,1,train,source_0228,train,298,298,data/1_te7.mp4
6526e93f36396fe7ce41a48f795ca6b4f2189d0254b5d3e39fc4245d4dc6bfe1,0_tr86.mp4,D:\AI_Safety_Monitoring\Datasets\Safe_Unsafe\data\0_tr86.mp4,1,1,['Safe Walkway Violation'],Safe Walkway Violation,['train'],train,False,1920,1080,24.8,174,7.016129,avc1,0,0,0,0,0,0,1,0,train,source_0209,train,174,174,data/0_tr86.mp4
6543c8d988f173ca7fa7a3de999ed9cecbd02670bfd02b6ccbb94dde4a5f43a3,0_tr72.mp4,D:\AI_Safety_Monitoring\Datasets\Safe_Unsafe\data\0_tr72.mp4,1,1,['Safe Walkway Violation'],Safe Walkway Violation,['train'],train,False,1920,1080,24.8,173,6.975806,avc1,0,0,0,0,0,0,1,0,train,source_0194,train,173,173,data/0_tr72.mp4
6560ecc316e4ef11a5a6c382506564fd830bc84398cc382c1f9d3e76262d1dfe,2_tr102.mp4,D:\AI_Safety_Monitoring\Datasets\Safe_Unsafe\data\2_tr102.mp4,1,1,['Opened Panel Cover'],Opened Panel Cover,['train'],train,False,1920,1080,25.0,175,7.0,avc1,0,0,0,1,0,0,0,0,train,source_0020,test,175,175,data/2_tr102.mp4
65c3e2d73ab2d6b1dbbc2f253e38da97b5d632e502f99875032138d549c16c9c,4_tr50.mp4,D:\AI_Safety_Monitoring\Datasets\Safe_Unsafe\data\4_tr50.mp4,1,1,['Safe Walkway'],Safe Walkway,['train'],train,False,1920,1080,25.0,173,6.92,avc1,0,0,0,0,0,1,0,0,train,source_0521,train,173,173,data/4_tr50.mp4
65c43ebc373c58df30aa6298c3ff8b0984772b9b7007b823a43787a8a1901d27,2_tr86.mp4,D:\AI_Safety_Monitoring\Datasets\Safe_Unsafe\data\2_tr86.mp4,1,1,['Opened Panel Cover'],Opened Panel Cover,['train'],train,False,1920,1080,24.95,173,6.933868,avc1,0,0,0,1,0,0,0,0,test,source_0416,val,173,173,data/2_tr86.mp4
65c7ee249790b22492c71b4b5e6cb756815d4b715a385ab9166097cb1b175015,0_tr76.mp4,D:\AI_Safety_Monitoring\Datasets\Safe_Unsafe\data\0_tr76.mp4,1,1,['Safe Walkway Violation'],Safe Walkway Violation,['train'],train,False,1920,1080,24.8,173,6.975806,avc1,0,0,0,0,0,0,1,0,train,source_0198,test,173,173,data/0_tr76.mp4
666c64d82d8b85699dd4982da3ab8b338d5fdf9d4d1d0f47bb28d1ad2b0de692,3_tr20.mp4,D:\AI_Safety_Monitoring\Datasets\Safe_Unsafe\data\3_tr20.mp4,1,1,['Carrying Overload with Forklift'],Carrying Overload with Forklift,['train'],train,False,1920,1080,25.0,201,8.04,avc1,0,1,0,0,0,0,0,0,val,source_0002,train,201,201,data/3_tr20.mp4
66fe8131a647154dac7a26e6fda9f2d842fdb8f77432e9e2a4c7002b9d1c26fb,0_tr64.mp4,D:\AI_Safety_Monitoring\Datasets\Safe_Unsafe\data\0_tr64.mp4,2,2,"['Safe Walkway Violation', 'Unauthorized Intervention']",Safe Walkway Violation | Unauthorized Intervention,['train'],train,False,1920,1080,24.8,173,6.975806,avc1,0,0,0,0,0,0,1,1,val,source_0185,test,173,173,data/0_tr64.mp4
67439f60d10ef3db4c9080d6ec78ef6bd9dce6606a1cd9c6b75389c0fffe95db,0_tr83.mp4,D:\AI_Safety_Monitoring\Datasets\Safe_Unsafe\data\0_tr83.mp4,1,1,['Safe Walkway Violation'],Safe Walkway Violation,['train'],train,False,1920,1080,24.8,174,7.016129,avc1,0,0,0,0,0,0,1,0,train,source_0206,test,174,174,data/0_tr83.mp4
675f234e077c3e605230917eb3532826cd4aaa45b91c8f2110882b93475a6aa3,0_tr125.mp4,D:\AI_Safety_Monitoring\Datasets\Safe_Unsafe\data\0_tr125.mp4,1,1,['Safe Walkway Violation'],Safe Walkway Violation,['train'],train,False,1920,1080,24.989740095395696,261,10.444286,avc1,0,0,0,0,0,0,1,0,train,source_0081,train,261,261,data/0_tr125.mp4
68ae4bfa8e7d6daa7a4c401ac38e85e643bce0e64cd24d4074b194689173b8e9,2_tr51.mp4,D:\AI_Safety_Monitoring\Datasets\Safe_Unsafe\data\2_tr51.mp4,1,1,['Opened Panel Cover'],Opened Panel Cover,['train'],train,False,1920,1080,25.08,126,5.023923,avc1,0,0,0,1,0,0,0,0,train,source_0379,train,126,126,data/2_tr51.mp4
6b02ef1fad91f59529735d7ee536c3a28782d9c687c81beb80024c9074e5a641,3_tr11.mp4,D:\AI_Safety_Monitoring\Datasets\Safe_Unsafe\data\3_tr11.mp4,1,1,['Carrying Overload with Forklift'],Carrying Overload with Forklift,['train'],train,False,1920,1080,25.0,250,10.0,avc1,0,1,0,0,0,0,0,0,train,source_0438,test,250,250,data/3_tr11.mp4
6b318200c11b971b1b924e1a46a2571321223dffddb26cd6f157b2a12abe2f29,2_tr125.mp4,D:\AI_Safety_Monitoring\Datasets\Safe_Unsafe\data\2_tr125.mp4,1,1,['Opened Panel Cover'],Opened Panel Cover,['train'],train,False,1920,1080,25.02,276,11.031175,avc1,0,0,0,1,0,0,0,0,val,source_0019,train,276,276,data/2_tr125.mp4
6ba3621ea555760af86485190fffd2c5774704d1a29ee6b72a0b21d1a3d89f05,0_tr97.mp4,D:\AI_Safety_Monitoring\Datasets\Safe_Unsafe\data\0_tr97.mp4,1,1,['Safe Walkway Violation'],Safe Walkway Violation,['train'],train,False,1920,1080,24.83,199,8.014499,avc1,0,0,0,0,0,0,1,0,train,source_0221,val,199,199,data/0_tr97.mp4
6bb80a0cd04a7f66c44d9420d25faf37b16cc212212e61663de3af1cd8f0116b,2_tr129.mp4,D:\AI_Safety_Monitoring\Datasets\Safe_Unsafe\data\2_tr129.mp4,1,1,['Opened Panel Cover'],Opened Panel Cover,['train'],train,False,1920,1080,25.02,75,2.997602,avc1,0,0,0,1,0,0,0,0,train,source_0337,val,75,75,data/2_tr129.mp4
6be8664b0fcd51375440637da0fb5bf121566eb3964b99dbfc43365a1d413e5b,1_tr23.mp4,D:\AI_Safety_Monitoring\Datasets\Safe_Unsafe\data\1_tr23.mp4,1,1,['Unauthorized Intervention'],Unauthorized Intervention,['train'],train,False,1920,1080,24.8,422,17.016129,avc1,0,0,0,0,0,0,0,1,train,source_0238,train,422,422,data/1_tr23.mp4
6c52e842170d8ef035658d834fad657b06a87f5f5a0158b5be8214f8977aa11d,1_tr41.mp4,D:\AI_Safety_Monitoring\Datasets\Safe_Unsafe\data\1_tr41.mp4,1,1,['Unauthorized Intervention'],Unauthorized Intervention,['train'],train,False,1920,1080,24.59,271,11.02074,avc1,0,0,0,0,0,0,0,1,train,source_0255,train,271,271,data/1_tr41.mp4
6c5f087cb66e2b62eace4cfb0ac08635024aa1b69f6adf5949fe1a4ead60e65d,2_tr11.mp4,D:\AI_Safety_Monitoring\Datasets\Safe_Unsafe\data\2_tr11.mp4,1,1,['Opened Panel Cover'],Opened Panel Cover,['train'],train,False,1920,1080,25.02,100,3.996803,avc1,0,0,0,1,0,0,0,0,train,source_0321,train,100,100,data/2_tr11.mp4
6d081cffd28e560b10d8621104895eef3409522dfbfe513c06daa2e990c8a48d,1_tr51.mp4,D:\AI_Safety_Monitoring\Datasets\Safe_Unsafe\data\1_tr51.mp4,1,1,['Unauthorized Intervention'],Unauthorized Intervention,['train'],train,False,1920,1080,24.59,268,10.898739,avc1,0,0,0,0,0,0,0,1,train,source_0018,train,268,268,data/1_tr51.mp4
6d118277941531c1f39e6ea44a58161f3b051cdd47db1e4ceda3b88c5d6c5f7d,0_tr41.mp4,D:\AI_Safety_Monitoring\Datasets\Safe_Unsafe\data\0_tr41.mp4,1,1,['Safe Walkway Violation'],Safe Walkway Violation,['train'],train,False,1920,1080,24.83,125,5.034233,avc1,0,0,0,0,0,0,1,0,test,source_0160,test,125,125,data/0_tr41.mp4
6d2465971f99cbed51e16efffed5f01c67768c72c14ee9b172a611715b0b4919,0_tr40.mp4,D:\AI_Safety_Monitoring\Datasets\Safe_Unsafe\data\0_tr40.mp4,1,1,['Safe Walkway Violation'],Safe Walkway Violation,['train'],train,False,1920,1080,24.83,125,5.034233,avc1,0,0,0,0,0,0,1,0,train,source_0159,train,125,125,data/0_tr40.mp4
6d92e2b7289950554a3dcda096b97d46b46ecccca0bc7fb62a7261df3bc4b2f9,3_tr5.mp4,D:\AI_Safety_Monitoring\Datasets\Safe_Unsafe\data\3_tr5.mp4,1,1,['Carrying Overload with Forklift'],Carrying Overload with Forklift,['train'],train,False,1920,1080,25.0,275,11.0,avc1,0,1,0,0,0,0,0,0,val,source_0000,val,275,275,data/3_tr5.mp4
6dea6f4319342d5e946eb6d87ccdb60636c79e0c0c3725d951f083b93b6b0d5c,0_tr161.mp4,D:\AI_Safety_Monitoring\Datasets\Safe_Unsafe\data\0_tr161.mp4,1,1,['Safe Walkway Violation'],Safe Walkway Violation,['train'],train,False,1920,1080,24.83,298,12.001611,avc1,0,0,0,0,0,0,1,0,train,source_0118,train,298,298,data/0_tr161.mp4
6e47ce0c699a3b937df1732ba26ffd9d8f2b98ff12e5e2ccd501454c5b6c1cd8,6_tr5.mp4,D:\AI_Safety_Monitoring\Datasets\Safe_Unsafe\data\6_tr5.mp4,1,1,['Closed Panel Cover'],Closed Panel Cover,['train'],train,False,1920,1080,25.01,106,4.238305,avc1,0,0,1,0,0,0,0,0,train,source_0587,test,106,106,data/6_tr5.mp4
6ff285a62237ba713831250bed3153cd2738c195a5502e365b730cc2165333e8,0_tr31.mp4,D:\AI_Safety_Monitoring\Datasets\Safe_Unsafe\data\0_tr31.mp4,1,1,['Safe Walkway Violation'],Safe Walkway Violation,['train'],train,False,1920,1080,24.83,125,5.034233,avc1,0,0,0,0,0,0,1,0,val,source_0150,test,125,125,data/0_tr31.mp4
70beae07f79cd841ad084d5a8785479bc65ca6e61d31484247688aa18d491276,2_tr120.mp4,D:\AI_Safety_Monitoring\Datasets\Safe_Unsafe\data\2_tr120.mp4,1,1,['Opened Panel Cover'],Opened Panel Cover,['train'],train,False,1920,1080,25.02,225,8.992806,avc1,0,0,0,1,0,0,0,0,train,source_0331,train,225,225,data/2_tr120.mp4
70de73c6a953e504521c718fa77d6d7139c9766f69d422d7900f03e0118a9c82,0_tr148.mp4,D:\AI_Safety_Monitoring\Datasets\Safe_Unsafe\data\0_tr148.mp4,1,1,['Safe Walkway Violation'],Safe Walkway Violation,['train'],train,False,1920,1080,24.83,274,11.035038,avc1,0,0,0,0,0,0,1,0,train,source_0104,train,274,274,data/0_tr148.mp4
71192d4d320c7a33bbad5499bb2df4250d7f1f5ab87c9b1a74982b4128d734d3,4_tr30.mp4,D:\AI_Safety_Monitoring\Datasets\Safe_Unsafe\data\4_tr30.mp4,1,1,['Safe Walkway'],Safe Walkway,['train'],train,False,1920,1080,24.83,239,9.625453,avc1,0,0,0,0,0,1,0,0,train,source_0502,val,239,239,data/4_tr30.mp4
713688e89e80b339e3070aac2b0d01c61c73f8cb57dbd7bd9f9a2640b1aa7f60,3_tr18.mp4,D:\AI_Safety_Monitoring\Datasets\Safe_Unsafe\data\3_tr18.mp4,1,1,['Carrying Overload with Forklift'],Carrying Overload with Forklift,['train'],train,False,1920,1080,25.0,225,9.0,avc1,0,1,0,0,0,0,0,0,val,source_0007,train,225,225,data/3_tr18.mp4
71ddcb9be69afb38aaf592012502582dd74b6ba6e13219b13b063d8690946f6f,7_tr8.mp4,D:\AI_Safety_Monitoring\Datasets\Safe_Unsafe\data\7_tr8.mp4,1,1,['Safe Carrying'],Safe Carrying,['train'],train,False,1920,1080,25.15703880689044,153,6.081797,avc1,0,0,0,0,1,0,0,0,train,source_0000,val,153,153,data/7_tr8.mp4
71e9876254ef9cd7fbc7e63369a102a161d04abe4a09d1110b0a6151b834233b,4_tr41.mp4,D:\AI_Safety_Monitoring\Datasets\Safe_Unsafe\data\4_tr41.mp4,1,1,['Safe Walkway'],Safe Walkway,['train'],train,False,1920,1080,24.97,208,8.329996,avc1,0,0,0,0,0,1,0,0,train,source_0513,train,208,208,data/4_tr41.mp4
7208130edd489fbea2fa1a4bc3983bde340e5144f9f1a01cbc07d181c35b7377,5_tr14.mp4,D:\AI_Safety_Monitoring\Datasets\Safe_Unsafe\data\5_tr14.mp4,1,1,['Authorized Intervention'],Authorized Intervention,['train'],train,False,1920,1080,24.95,125,5.01002,avc1,1,0,0,0,0,0,0,0,val,source_0544,train,125,125,data/5_tr14.mp4
73047267384eb7d8a23a5c8f7597600dc645621d18f8e60a9aa4d634bf6dfd33,7_tr7.mp4,D:\AI_Safety_Monitoring\Datasets\Safe_Unsafe\data\7_tr7.mp4,1,1,['Safe Carrying'],Safe Carrying,['train'],train,False,1920,1080,25.078821727772272,174,6.938125,avc1,0,0,0,0,1,0,0,0,train,source_0610,train,174,174,data/7_tr7.mp4
73085eee7e87c9d3c22d185d13443af88498360e4acc3096aeac599872b30381,0_tr1.mp4,D:\AI_Safety_Monitoring\Datasets\Safe_Unsafe\data\0_tr1.mp4,1,1,['Safe Walkway Violation'],Safe Walkway Violation,['train'],train,False,1920,1080,24.83,348,14.015304,avc1,0,0,0,0,0,0,1,0,train,source_0058,train,348,348,data/0_tr1.mp4
7314373fd7f162ac4960dcc7de8fde15166feeea55434c7608b4dd7b3c70d0b1,5_tr9.mp4,D:\AI_Safety_Monitoring\Datasets\Safe_Unsafe\data\5_tr9.mp4,1,1,['Authorized Intervention'],Authorized Intervention,['train'],train,False,1920,1080,25.08,201,8.014354,avc1,1,0,0,0,0,0,0,0,train,source_0560,train,201,201,data/5_tr9.mp4
734371a56b03d264487e34c573eeda9d1076275abcb32a18e8205d04833a8c0f,1_tr83.mp4,D:\AI_Safety_Monitoring\Datasets\Safe_Unsafe\data\1_tr83.mp4,1,1,['Unauthorized Intervention'],Unauthorized Intervention,['train'],train,False,1920,1080,24.79,180,7.260992,avc1,0,0,0,0,0,0,0,1,train,source_0287,train,180,180,data/1_tr83.mp4
7345f5cbd0baf636170cdf4094efd2782a6ea7c035f0a05f090b16aff4e88f62,3_tr8.mp4,D:\AI_Safety_Monitoring\Datasets\Safe_Unsafe\data\3_tr8.mp4,1,1,['Carrying Overload with Forklift'],Carrying Overload with Forklift,['train'],train,False,1920,1080,25.0,275,11.0,avc1,0,1,0,0,0,0,0,0,test,source_0025,train,275,275,data/3_tr8.mp4
73483eb34ac57618e31e9cb02ecbb198f05c57d9d09ac40c69c7f27a88dbf86d,2_tr40.mp4,D:\AI_Safety_Monitoring\Datasets\Safe_Unsafe\data\2_tr40.mp4,1,1,['Opened Panel Cover'],Opened Panel Cover,['train'],train,False,1920,1080,25.08,125,4.984051,avc1,0,0,0,1,0,0,0,0,test,source_0021,val,125,125,data/2_tr40.mp4
7374a4ea76647eedb9afaa777faf85672beb9495081f499ce74d4d9122fb5a10,2_tr117.mp4,D:\AI_Safety_Monitoring\Datasets\Safe_Unsafe\data\2_tr117.mp4,1,1,['Opened Panel Cover'],Opened Panel Cover,['train'],train,False,1920,1080,24.99,208,8.323329,avc1,0,0,0,1,0,0,0,0,train,source_0018,train,208,208,data/2_tr117.mp4
737b61784d26e3a91eaa58ddcf60a31c955758ada2b438899d8973e173593f47,2_tr62.mp4,D:\AI_Safety_Monitoring\Datasets\Safe_Unsafe\data\2_tr62.mp4,1,1,['Opened Panel Cover'],Opened Panel Cover,['train'],train,False,1920,1080,25.08,126,5.023923,avc1,0,0,0,1,0,0,0,0,val,source_0390,val,126,126,data/2_tr62.mp4
73971f20ec0769b9b784ac78597ec6044ada6d8521c11b81fdec8e4ab87f7bed,1_tr20.mp4,D:\AI_Safety_Monitoring\Datasets\Safe_Unsafe\data\1_tr20.mp4,1,1,['Unauthorized Intervention'],Unauthorized Intervention,['train'],train,False,1920,1080,24.8,515,20.766129,avc1,0,0,0,0,0,0,0,1,test,source_0236,train,515,515,data/1_tr20.mp4
740f8776e9430d33c38ef9331c373116db3a75c6296fae70e9cc4b8036ed3132,1_tr52.mp4,D:\AI_Safety_Monitoring\Datasets\Safe_Unsafe\data\1_tr52.mp4,1,1,['Unauthorized Intervention'],Unauthorized Intervention,['train'],train,False,1920,1080,24.97187352570681,261,10.451759,avc1,0,0,0,0,0,0,0,1,train,source_0263,train,261,261,data/1_tr52.mp4
7434951bbc7f87ba144436863f7128e8780b14721191431aa30d7f3020ac0987,6_te9.mp4,D:\AI_Safety_Monitoring\Datasets\Safe_Unsafe\data\6_te9.mp4,1,1,['Closed Panel Cover'],Closed Panel Cover,['test'],test,False,1920,1080,25.11,75,2.986858,avc1,0,0,1,0,0,0,0,0,train,source_0572,train,75,75,data/6_te9.mp4
748de33429fba32fef529f4da7a2ceae194c71c44659ae7d54216a88b0a36b73,0_tr138.mp4,D:\AI_Safety_Monitoring\Datasets\Safe_Unsafe\data\0_tr138.mp4,2,2,"['Safe Walkway', 'Safe Walkway Violation']",Safe Walkway | Safe Walkway Violation,"['test', 'train']",test | train,True,1920,1080,24.88152050709515,260,10.449522,avc1,0,0,0,0,0,1,1,0,train,source_0093,train,260,260,data/0_tr138.mp4
74f9bd4518daac7ed9eebfa24aad255f807460056c62ddae952b6922ef254900,3_tr29.mp4,D:\AI_Safety_Monitoring\Datasets\Safe_Unsafe\data\3_tr29.mp4,1,1,['Carrying Overload with Forklift'],Carrying Overload with Forklift,['train'],train,False,1920,1080,25.0,125,5.0,avc1,0,1,0,0,0,0,0,0,train,source_0007,train,125,125,data/3_tr29.mp4
752333bb747152ca694e59c3d3ba91ae39bb97e49e1b65950c91249c7b563a43,3_tr41.mp4,D:\AI_Safety_Monitoring\Datasets\Safe_Unsafe\data\3_tr41.mp4,1,1,['Carrying Overload with Forklift'],Carrying Overload with Forklift,['train'],train,False,1920,1080,25.0,100,4.0,avc1,0,1,0,0,0,0,0,0,train,source_0023,train,100,100,data/3_tr41.mp4
7540b01edad66702b46f1d728500bb119193dfae1c9ef9402ee8d2c19cfdccdc,6_tr1.mp4,D:\AI_Safety_Monitoring\Datasets\Safe_Unsafe\data\6_tr1.mp4,1,1,['Closed Panel Cover'],Closed Panel Cover,['train'],train,False,1920,1080,24.98,150,6.004804,avc1,0,0,1,0,0,0,0,0,train,source_0573,test,150,150,data/6_tr1.mp4
759c506a5bbdf7bdea51b3e5550007e82982b06f8153a4523ed2e361d644d959,0_tr156.mp4,D:\AI_Safety_Monitoring\Datasets\Safe_Unsafe\data\0_tr156.mp4,1,1,['Safe Walkway Violation'],Safe Walkway Violation,['train'],train,False,1920,1080,24.83,297,11.961337,avc1,0,0,0,0,0,0,1,0,train,source_0112,train,297,297,data/0_tr156.mp4
764f3cfe0863ffb17577d91dc2fca55109343447f15624f5221427547657b52a,2_tr108.mp4,D:\AI_Safety_Monitoring\Datasets\Safe_Unsafe\data\2_tr108.mp4,1,1,['Opened Panel Cover'],Opened Panel Cover,['train'],train,False,1920,1080,25.02,176,7.034373,avc1,0,0,0,1,0,0,0,0,train,source_0319,train,176,176,data/2_tr108.mp4
7682b930021e1456f8ceefbe40097fb29e87995a88ad9e93f3a9c4346b4d3278,2_tr85.mp4,D:\AI_Safety_Monitoring\Datasets\Safe_Unsafe\data\2_tr85.mp4,1,1,['Opened Panel Cover'],Opened Panel Cover,['train'],train,False,1920,1080,24.95,173,6.933868,avc1,0,0,0,1,0,0,0,0,val,source_0415,train,173,173,data/2_tr85.mp4
76cc34b21859d8ebda5a43e90492410662b3973d0c878e6fe7798119a1a52512,2_tr89.mp4,D:\AI_Safety_Monitoring\Datasets\Safe_Unsafe\data\2_tr89.mp4,1,1,['Opened Panel Cover'],Opened Panel Cover,['train'],train,False,1920,1080,24.95,174,6.973948,avc1,0,0,0,1,0,0,0,0,test,source_0419,val,174,174,data/2_tr89.mp4
772fa2d3a9d4e7e6849abbc81132e3f337cc37fa80105a824ef537df03e306dc,6_tr13.mp4,D:\AI_Safety_Monitoring\Datasets\Safe_Unsafe\data\6_tr13.mp4,1,1,['Closed Panel Cover'],Closed Panel Cover,['train'],train,False,1920,1080,24.92,75,3.009631,avc1,0,0,1,0,0,0,0,0,train,source_0577,train,75,75,data/6_tr13.mp4
7864a5515b021e0411a65e879517cc3f5438f0d5aa065fdf14b51aac3eefa8fc,0_tr13.mp4,D:\AI_Safety_Monitoring\Datasets\Safe_Unsafe\data\0_tr13.mp4,1,1,['Safe Walkway Violation'],Safe Walkway Violation,['train'],train,False,1920,1080,24.83,373,15.022151,avc1,0,0,0,0,0,0,1,0,train,source_0086,train,373,373,data/0_tr13.mp4
787a20c14f45880e1f391cb72b43daed9fe01f17f9b05069ea6e76c019f724e9,2_tr4.mp4,D:\AI_Safety_Monitoring\Datasets\Safe_Unsafe\data\2_tr4.mp4,1,1,['Opened Panel Cover'],Opened Panel Cover,['train'],train,False,1920,1080,25.02,76,3.03757,avc1,0,0,0,1,0,0,0,0,train,source_0367,train,76,76,data/2_tr4.mp4
78811697b6a193806e9a205d5a1bf03595b31f75d460dca5f42a5ba755747197,0_tr173.mp4,D:\AI_Safety_Monitoring\Datasets\Safe_Unsafe\data\0_tr173.mp4,1,1,['Safe Walkway Violation'],Safe Walkway Violation,['train'],train,False,1920,1080,24.83,323,13.008458,avc1,0,0,0,0,0,0,1,0,train,source_0130,train,323,323,data/0_tr173.mp4
78c497a6c848313e8c9ff5860ce3883228edcd3a800f1aad5e55e43b9227fd81,2_tr91.mp4,D:\AI_Safety_Monitoring\Datasets\Safe_Unsafe\data\2_tr91.mp4,1,1,['Opened Panel Cover'],Opened Panel Cover,['train'],train,False,1920,1080,25.02,175,6.994404,avc1,0,0,0,1,0,0,0,0,train,source_0422,test,175,175,data/2_tr91.mp4
78ca6e53156d3944497e8299b2fe2d65fa5079e777f0ae1b028f80326423870a,6_tr8.mp4,D:\AI_Safety_Monitoring\Datasets\Safe_Unsafe\data\6_tr8.mp4,1,1,['Closed Panel Cover'],Closed Panel Cover,['train'],train,False,1920,1080,25.07,100,3.988831,avc1,0,0,1,0,0,0,0,0,test,source_0590,train,100,100,data/6_tr8.mp4
79949f3a544ca4ea0a06836282233ac9015f85a6a6c4b1dc7f3f1151e740d9c2,0_tr68.mp4,D:\AI_Safety_Monitoring\Datasets\Safe_Unsafe\data\0_tr68.mp4,2,2,"['Safe Walkway Violation', 'Unauthorized Intervention']",Safe Walkway Violation | Unauthorized Intervention,['train'],train,False,1920,1080,24.8,173,6.975806,avc1,0,0,0,0,0,0,1,1,train,source_0189,test,173,173,data/0_tr68.mp4
79c298ce0cb0eaa9a920285dce299dadc25ebfc737bf1f058c981f6bc2e23517,3_te1.mp4,D:\AI_Safety_Monitoring\Datasets\Safe_Unsafe\data\3_te1.mp4,1,1,['Carrying Overload with Forklift'],Carrying Overload with Forklift,['test'],test,False,1920,1080,25.0,250,10.0,avc1,0,1,0,0,0,0,0,0,train,source_0022,test,250,250,data/3_te1.mp4
79f89856cd9356924d5fbe8975ae40ed232421adeaa32f7322b7d8c89997257d,2_tr19.mp4,D:\AI_Safety_Monitoring\Datasets\Safe_Unsafe\data\2_tr19.mp4,1,1,['Opened Panel Cover'],Opened Panel Cover,['train'],train,False,1920,1080,25.0,100,4.0,avc1,0,0,0,1,0,0,0,0,val,source_0344,train,100,100,data/2_tr19.mp4
7a15c240d77cf50381bbe64c79b7860bb54d4e05f861494f1e34366326929138,0_te18.mp4,D:\AI_Safety_Monitoring\Datasets\Safe_Unsafe\data\0_te18.mp4,1,1,['Safe Walkway Violation'],Safe Walkway Violation,['test'],test,False,1920,1080,24.83,224,9.021345,avc1,0,0,0,0,0,0,1,0,val,source_0037,val,224,224,data/0_te18.mp4
7a5bda2db747e001aa7f1b88b8d0e509ee02d3a513e2ac841591c68781d3f278,1_tr50.mp4,D:\AI_Safety_Monitoring\Datasets\Safe_Unsafe\data\1_tr50.mp4,1,1,['Unauthorized Intervention'],Unauthorized Intervention,['train'],train,False,1920,1080,24.79,272,10.972166,avc1,0,0,0,0,0,0,0,1,train,source_0262,train,272,272,data/1_tr50.mp4
7a7c0d10204bca0e4cfdf7bdb699ab16383b37800471fd6f3a03b7a1780903f3,0_tr143.mp4,D:\AI_Safety_Monitoring\Datasets\Safe_Unsafe\data\0_tr143.mp4,1,1,['Safe Walkway Violation'],Safe Walkway Violation,['train'],train,False,1920,1080,25.069258194588336,262,10.451047,avc1,0,0,0,0,0,0,1,0,train,source_0099,test,262,262,data/0_tr143.mp4
7afbb5e349cd01226055d50bee4353ca8edf1cc386728bd886d441b2daf2d757,7_tr13.mp4,D:\AI_Safety_Monitoring\Datasets\Safe_Unsafe\data\7_tr13.mp4,1,1,['Safe Carrying'],Safe Carrying,['train'],train,False,1920,1080,25.13437747388355,101,4.018401,avc1,0,0,0,0,1,0,0,0,train,source_0599,train,101,101,data/7_tr13.mp4
7b1e51c6c66ca4de0789917ba4976374fbf5b8f149800a8a11f2bf5fb0f8c884,0_tr70.mp4,D:\AI_Safety_Monitoring\Datasets\Safe_Unsafe\data\0_tr70.mp4,1,1,['Safe Walkway Violation'],Safe Walkway Violation,['train'],train,False,1920,1080,24.8,173,6.975806,avc1,0,0,0,0,0,0,1,0,train,source_0192,train,173,173,data/0_tr70.mp4
7b587c9e8514e5358c3bc5eac7deb38375c0b6d5dd0599ec4a6edc824b6650ae,4_tr43.mp4,D:\AI_Safety_Monitoring\Datasets\Safe_Unsafe\data\4_tr43.mp4,1,1,['Safe Walkway'],Safe Walkway,['train'],train,False,1920,1080,25.11,349,13.898845,avc1,0,0,0,0,0,1,0,0,train,source_0515,val,349,349,data/4_tr43.mp4
7b706d27be01e68d6d9f808ae778a68ddfde31116a89e4e563c08b275ebd10ba,1_tr19.mp4,D:\AI_Safety_Monitoring\Datasets\Safe_Unsafe\data\1_tr19.mp4,1,1,['Unauthorized Intervention'],Unauthorized Intervention,['train'],train,False,1920,1080,24.8,516,20.806452,avc1,0,0,0,0,0,0,0,1,train,source_0234,train,516,516,data/1_tr19.mp4
7b795c96972bc6eed92519cb7b7aa0898f9135b81617784bf877a94c96f393bc,3_tr10.mp4,D:\AI_Safety_Monitoring\Datasets\Safe_Unsafe\data\3_tr10.mp4,1,1,['Carrying Overload with Forklift'],Carrying Overload with Forklift,['train'],train,False,1920,1080,25.0,251,10.04,avc1,0,1,0,0,0,0,0,0,test,source_0437,train,251,251,data/3_tr10.mp4
7b90edaa5b903b5aa42be128335e74e8914d13e3c4817ee6f72bd9c89709c596,0_tr53.mp4,D:\AI_Safety_Monitoring\Datasets\Safe_Unsafe\data\0_tr53.mp4,1,1,['Safe Walkway Violation'],Safe Walkway Violation,['train'],train,False,1920,1080,24.8,173,6.975806,avc1,0,0,0,0,0,0,1,0,train,source_0173,train,173,173,data/0_tr53.mp4
7bf1886097102be8c56058e545fd1df15e030d83af380e1a49afed30209b53ba,0_tr155.mp4,D:\AI_Safety_Monitoring\Datasets\Safe_Unsafe\data\0_tr155.mp4,1,1,['Safe Walkway Violation'],Safe Walkway Violation,['train'],train,False,1920,1080,24.83,297,11.961337,avc1,0,0,0,0,0,0,1,0,val,source_0111,train,297,297,data/0_tr155.mp4
7c1509182676c1164511bf972c15afc258fd16734db779470db32edd502827c3,0_te20.mp4,D:\AI_Safety_Monitoring\Datasets\Safe_Unsafe\data\0_te20.mp4,1,1,['Safe Walkway Violation'],Safe Walkway Violation,['test'],test,False,1920,1080,24.83,224,9.021345,avc1,0,0,0,0,0,0,1,0,val,source_0040,val,224,224,data/0_te20.mp4
7c7312914756b45f27cc2b24f51bd487dafc8d44a59836c9cc077ef36d1d1538,2_tr34.mp4,D:\AI_Safety_Monitoring\Datasets\Safe_Unsafe\data\2_tr34.mp4,1,1,['Opened Panel Cover'],Opened Panel Cover,['train'],train,False,1920,1080,25.08,125,4.984051,avc1,0,0,0,1,0,0,0,0,train,source_0361,train,125,125,data/2_tr34.mp4
7cb5507f9d4d8a398becfcffbc3b08644e72d917237d39e84522f7d999aaa7dd,2_tr84.mp4,D:\AI_Safety_Monitoring\Datasets\Safe_Unsafe\data\2_tr84.mp4,1,1,['Opened Panel Cover'],Opened Panel Cover,['train'],train,False,1920,1080,25.0,155,6.2,avc1,0,0,0,1,0,0,0,0,train,source_0414,test,155,155,data/2_tr84.mp4
7cc6e0b2b8f9ee4832f0f7e63f500b35dd225aa66b8ad8ea620fb66a37ad2d23,1_tr3.mp4,D:\AI_Safety_Monitoring\Datasets\Safe_Unsafe\data\1_tr3.mp4,1,1,['Unauthorized Intervention'],Unauthorized Intervention,['train'],train,False,1920,1080,24.8,173,6.975806,avc1,0,0,0,0,0,0,0,1,train,source_0244,train,173,173,data/1_tr3.mp4
7cd055947dfb11a4a129962975fdb84e83da99ac81e9df8571ce84531a23e151,2_tr74.mp4,D:\AI_Safety_Monitoring\Datasets\Safe_Unsafe\data\2_tr74.mp4,1,1,['Opened Panel Cover'],Opened Panel Cover,['train'],train,False,1920,1080,25.02,150,5.995204,avc1,0,0,0,1,0,0,0,0,train,source_0403,test,150,150,data/2_tr74.mp4
7d6a074b9bf06aa1e309f31ec9e956a54ad412fee15dbd8b27acb00d28b86a0b,0_tr26.mp4,D:\AI_Safety_Monitoring\Datasets\Safe_Unsafe\data\0_tr26.mp4,1,1,['Safe Walkway Violation'],Safe Walkway Violation,['train'],train,False,1920,1080,24.83,124,4.993959,avc1,0,0,0,0,0,0,1,0,test,source_0145,train,124,124,data/0_tr26.mp4
7d99ccc4a3166e13a63b0efe37fd93ff6f4a8b075185fe416f2462c7caa2c756,1_tr17.mp4,D:\AI_Safety_Monitoring\Datasets\Safe_Unsafe\data\1_tr17.mp4,1,1,['Unauthorized Intervention'],Unauthorized Intervention,['train'],train,False,1920,1080,24.8,173,6.975806,avc1,0,0,0,0,0,0,0,1,val,source_0233,train,173,173,data/1_tr17.mp4
7e2156883056445722db0a8fbb8fe50d30c5c2c9b26c8c8f737b2eb61b0d743e,2_tr33.mp4,D:\AI_Safety_Monitoring\Datasets\Safe_Unsafe\data\2_tr33.mp4,1,1,['Opened Panel Cover'],Opened Panel Cover,['train'],train,False,1920,1080,25.08,125,4.984051,avc1,0,0,0,1,0,0,0,0,val,source_0360,train,125,125,data/2_tr33.mp4
8059b8586575e85455da0245b212bf0770dd7026cf22187e4dc0740536e9cd5b,0_tr55.mp4,D:\AI_Safety_Monitoring\Datasets\Safe_Unsafe\data\0_tr55.mp4,1,1,['Safe Walkway Violation'],Safe Walkway Violation,['train'],train,False,1920,1080,24.8,173,6.975806,avc1,0,0,0,0,0,0,1,0,train,source_0175,val,173,173,data/0_tr55.mp4
807667e0b1bcec3c3b53f76e7a802e46faded2a452980553d755e890a3e87354,0_te31.mp4,D:\AI_Safety_Monitoring\Datasets\Safe_Unsafe\data\0_te31.mp4,1,1,['Safe Walkway Violation'],Safe Walkway Violation,['test'],test,False,1920,1080,24.83,347,13.97503,avc1,0,0,0,0,0,0,1,0,train,source_0051,test,347,347,data/0_te31.mp4
80b58e4ca9bc71f281cd0d0bfc25ed8559ba49c894f7989bb7552120d8e1a59b,4_tr49.mp4,D:\AI_Safety_Monitoring\Datasets\Safe_Unsafe\data\4_tr49.mp4,1,1,['Safe Walkway'],Safe Walkway,['train'],train,False,1920,1080,25.0,174,6.96,avc1,0,0,0,0,0,1,0,0,train,source_0520,test,174,174,data/4_tr49.mp4
80bb495e5812eed11182f1632c21bb0adc3249527d5c75f52770d5dc1b2b8e57,2_tr88.mp4,D:\AI_Safety_Monitoring\Datasets\Safe_Unsafe\data\2_tr88.mp4,1,1,['Opened Panel Cover'],Opened Panel Cover,['train'],train,False,1920,1080,24.92,173,6.942215,avc1,0,0,0,1,0,0,0,0,train,source_0418,train,173,173,data/2_tr88.mp4
8119e5b1a707dda191788ed3741a7089da52c84af60cb56e4d98a31e598bc1f9,0_te15.mp4,D:\AI_Safety_Monitoring\Datasets\Safe_Unsafe\data\0_te15.mp4,1,1,['Safe Walkway Violation'],Safe Walkway Violation,['test'],test,False,1920,1080,24.83,223,8.981071,avc1,0,0,0,0,0,0,1,0,test,source_0034,train,223,223,data/0_te15.mp4
81b2d25247a24ac23ba30b744159c134928d75e4a741bd339f0e6277a662ac72,0_tr17.mp4,D:\AI_Safety_Monitoring\Datasets\Safe_Unsafe\data\0_tr17.mp4,1,1,['Safe Walkway Violation'],Safe Walkway Violation,['train'],train,False,1920,1080,24.8,421,16.975806,avc1,0,0,0,0,0,0,1,0,train,source_0126,train,421,421,data/0_tr17.mp4
8233bba63dbd656c8cb3df394de3f8ce64d427e9a880ef9738429d664b9dc322,2_tr114.mp4,D:\AI_Safety_Monitoring\Datasets\Safe_Unsafe\data\2_tr114.mp4,1,1,['Opened Panel Cover'],Opened Panel Cover,['train'],train,False,1920,1080,25.02,201,8.033573,avc1,0,0,0,1,0,0,0,0,train,source_0326,test,201,201,data/2_tr114.mp4
823be3e8a03eb7b9e63fd1bdc1359c8c1aa041555143ecea0aabde35daef0d7d,3_tr4.mp4,D:\AI_Safety_Monitoring\Datasets\Safe_Unsafe\data\3_tr4.mp4,1,1,['Carrying Overload with Forklift'],Carrying Overload with Forklift,['train'],train,False,1920,1080,25.0,275,11.0,avc1,0,1,0,0,0,0,0,0,train,source_0454,val,275,275,data/3_tr4.mp4
832d105009657ca4ffc265a45bc1f5efea8e6a23aaa7df0d06959b599b66e886,0_tr146.mp4,D:\AI_Safety_Monitoring\Datasets\Safe_Unsafe\data\0_tr146.mp4,1,1,['Safe Walkway Violation'],Safe Walkway Violation,['train'],train,False,1920,1080,23.393010102963213,246,10.515962,avc1,0,0,0,0,0,0,1,0,train,source_0102,val,246,246,data/0_tr146.mp4
83418229ece7ef87e0a0d97479c4ec2c1cbebd6898216c7affd9c7370b4471e7,2_tr36.mp4,D:\AI_Safety_Monitoring\Datasets\Safe_Unsafe\data\2_tr36.mp4,1,1,['Opened Panel Cover'],Opened Panel Cover,['train'],train,False,1920,1080,25.08,125,4.984051,avc1,0,0,0,1,0,0,0,0,train,source_0363,train,125,125,data/2_tr36.mp4
8348e678e78abfdfff32abca59cb8ebd8ff374a9ef26f7b93027ea9b39f2dc0b,1_tr96.mp4,D:\AI_Safety_Monitoring\Datasets\Safe_Unsafe\data\1_tr96.mp4,1,1,['Unauthorized Intervention'],Unauthorized Intervention,['train'],train,False,1920,1080,24.8,173,6.975806,avc1,0,0,0,0,0,0,0,1,train,source_0299,train,173,173,data/1_tr96.mp4
837d07700f681fa428d3775624fde89ff8517cea8f6350bae66d3c3cabe6e361,2_tr48.mp4,D:\AI_Safety_Monitoring\Datasets\Safe_Unsafe\data\2_tr48.mp4,1,1,['Opened Panel Cover'],Opened Panel Cover,['train'],train,False,1920,1080,25.08,126,5.023923,avc1,0,0,0,1,0,0,0,0,train,source_0375,train,126,126,data/2_tr48.mp4
83e050478b7ce0d6dc236005dc97e89f59f0bfe3fd8192f7e0d5b2dff714b6bc,0_tr104.mp4,D:\AI_Safety_Monitoring\Datasets\Safe_Unsafe\data\0_tr104.mp4,1,1,['Safe Walkway Violation'],Safe Walkway Violation,['train'],train,False,1920,1080,24.83,199,8.014499,avc1,0,0,0,0,0,0,1,0,val,source_0062,val,199,199,data/0_tr104.mp4
841dda538b02ed80d0494925a3234f8caad9a7ce84a1c0a898aee20dd565de32,2_tr72.mp4,D:\AI_Safety_Monitoring\Datasets\Safe_Unsafe\data\2_tr72.mp4,1,1,['Opened Panel Cover'],Opened Panel Cover,['train'],train,False,1920,1080,25.05,150,5.988024,avc1,0,0,0,1,0,0,0,0,val,source_0401,train,150,150,data/2_tr72.mp4
846ebd111b4bfb69cf692c489023e40ddfe2e3b4e9fa100e6802beff9b16140a,3_tr38.mp4,D:\AI_Safety_Monitoring\Datasets\Safe_Unsafe\data\3_tr38.mp4,1,1,['Carrying Overload with Forklift'],Carrying Overload with Forklift,['train'],train,False,1920,1080,25.0,100,4.0,avc1,0,1,0,0,0,0,0,0,train,source_0004,train,100,100,data/3_tr38.mp4
84715c8a8f9bd04503a4b2da244befa80f5101e33d419ab966b2a32c760a62a0,0_tr171.mp4,D:\AI_Safety_Monitoring\Datasets\Safe_Unsafe\data\0_tr171.mp4,1,1,['Safe Walkway Violation'],Safe Walkway Violation,['train'],train,False,1920,1080,24.83,323,13.008458,avc1,0,0,0,0,0,0,1,0,train,source_0128,train,323,323,data/0_tr171.mp4
84941d48161b82d2ef00b49090beab17d318ea8a20f50042a442f5b8ec27d6c4,1_tr48.mp4,D:\AI_Safety_Monitoring\Datasets\Safe_Unsafe\data\1_tr48.mp4,1,1,['Unauthorized Intervention'],Unauthorized Intervention,['train'],train,False,1920,1080,24.59,270,10.980073,avc1,0,0,0,0,0,0,0,1,val,source_0260,train,270,270,data/1_tr48.mp4
849b26d60c83e4c4935263285e9f70f781f39899ab9ff0d305b24e9916d8ded3,0_tr14.mp4,D:\AI_Safety_Monitoring\Datasets\Safe_Unsafe\data\0_tr14.mp4,1,1,['Safe Walkway Violation'],Safe Walkway Violation,['train'],train,False,1920,1080,24.83,373,15.022151,avc1,0,0,0,0,0,0,1,0,train,source_0095,train,373,373,data/0_tr14.mp4
84ef605aea65b4280cb382f55f81b142b116781bd85225b9bdb4aa27b3936efc,4_tr28.mp4,D:\AI_Safety_Monitoring\Datasets\Safe_Unsafe\data\4_tr28.mp4,1,1,['Safe Walkway'],Safe Walkway,['train'],train,False,1920,1080,24.83,349,14.055578,avc1,0,0,0,0,0,1,0,0,train,source_0499,test,349,349,data/4_tr28.mp4
86650016e11d1c642696bd24cb4569aa80cfed8647805074b920b16fec3c4f8d,4_tr33.mp4,D:\AI_Safety_Monitoring\Datasets\Safe_Unsafe\data\4_tr33.mp4,1,1,['Safe Walkway'],Safe Walkway,['train'],train,False,1920,1080,24.83,240,9.665727,avc1,0,0,0,0,0,1,0,0,val,source_0504,train,240,240,data/4_tr33.mp4
86a86bd3ffb0d70252b7634048de339bb180c4dc08e2a5b9fbebc0a63c5ae08f,1_tr64.mp4,D:\AI_Safety_Monitoring\Datasets\Safe_Unsafe\data\1_tr64.mp4,1,1,['Unauthorized Intervention'],Unauthorized Intervention,['train'],train,False,1920,1080,23.81075000122015,248,10.415464,avc1,0,0,0,0,0,0,0,1,train,source_0273,train,248,248,data/1_tr64.mp4
86dcef6d443785aad1043995a079dc383fa6c6a7149d5d7bd4497527a914789a,0_tr129.mp4,D:\AI_Safety_Monitoring\Datasets\Safe_Unsafe\data\0_tr129.mp4,1,1,['Safe Walkway Violation'],Safe Walkway Violation,['train'],train,False,1920,1080,24.98791580484244,261,10.445049,avc1,0,0,0,0,0,0,1,0,train,source_0085,train,261,261,data/0_tr129.mp4
86f301485074d22fd1df5024ec53d1f293d40b2bcdc374fbeb20fbe38e468cb8,7_tr1.mp4,D:\AI_Safety_Monitoring\Datasets\Safe_Unsafe\data\7_tr1.mp4,1,1,['Safe Carrying'],Safe Carrying,['train'],train,False,1920,1080,25.07655166562541,254,10.128984,avc1,0,0,0,0,1,0,0,0,val,source_0597,train,254,254,data/7_tr1.mp4
875eb8dab75c6cdb054e6ba37c296e96428128444505bfdfa8c4ea2ca2416b42,0_tr99.mp4,D:\AI_Safety_Monitoring\Datasets\Safe_Unsafe\data\0_tr99.mp4,1,1,['Safe Walkway Violation'],Safe Walkway Violation,['train'],train,False,1920,1080,24.83,199,8.014499,avc1,0,0,0,0,0,0,1,0,train,source_0223,train,199,199,data/0_tr99.mp4
87938a21c72674bb5732a85399207d1b12ccb0bc72b4da6fd070542b6259e17d,3_tr26.mp4,D:\AI_Safety_Monitoring\Datasets\Safe_Unsafe\data\3_tr26.mp4,1,1,['Carrying Overload with Forklift'],Carrying Overload with Forklift,['train'],train,False,1920,1080,25.0,150,6.0,avc1,0,1,0,0,0,0,0,0,train,source_0447,train,150,150,data/3_tr26.mp4
87ea099c168130adb04d9407359215b9873179bc9baf416f6d0cad161415172f,5_tr21.mp4,D:\AI_Safety_Monitoring\Datasets\Safe_Unsafe\data\5_tr21.mp4,1,1,['Authorized Intervention'],Authorized Intervention,['train'],train,False,1920,1080,24.92,374,15.008026,avc1,1,0,0,0,0,0,0,0,test,source_0551,train,374,374,data/5_tr21.mp4
888f4c70c79ab271da5f797b49c08e74e768edd289f791217130745aa59f55b4,7_tr17.mp4,D:\AI_Safety_Monitoring\Datasets\Safe_Unsafe\data\7_tr17.mp4,1,1,['Safe Carrying'],Safe Carrying,['train'],train,False,1920,1080,25.07329583164189,304,12.124453,avc1,0,0,0,0,1,0,0,0,train,source_0603,train,304,304,data/7_tr17.mp4
889277f1f38849dbf9ed52aa65e230c032afa5395fa35285c6824f2ee9897a3f,3_tr44.mp4,D:\AI_Safety_Monitoring\Datasets\Safe_Unsafe\data\3_tr44.mp4,1,1,['Carrying Overload with Forklift'],Carrying Overload with Forklift,['train'],train,False,1920,1080,25.0,75,3.0,avc1,0,1,0,0,0,0,0,0,train,source_0457,train,75,75,data/3_tr44.mp4
89c8c0fd41913742a55711dd9c8ef0574b98c0646dd3725b700a87037173edce,2_tr15.mp4,D:\AI_Safety_Monitoring\Datasets\Safe_Unsafe\data\2_tr15.mp4,1,1,['Opened Panel Cover'],Opened Panel Cover,['train'],train,False,1920,1080,25.0,100,4.0,avc1,0,0,0,1,0,0,0,0,train,source_0340,train,100,100,data/2_tr15.mp4
8a2a7c3310945f32a745ff02f47aff520b7297008e70d690693e62e229dd8e22,2_tr79.mp4,D:\AI_Safety_Monitoring\Datasets\Safe_Unsafe\data\2_tr79.mp4,1,1,['Opened Panel Cover'],Opened Panel Cover,['train'],train,False,1920,1080,25.05,151,6.027944,avc1,0,0,0,1,0,0,0,0,train,source_0408,train,151,151,data/2_tr79.mp4
8aaf58e3252d1460300bc0261be823de07f4e0c51c3fc5663194fc1da65482bc,1_tr22.mp4,D:\AI_Safety_Monitoring\Datasets\Safe_Unsafe\data\1_tr22.mp4,1,1,['Unauthorized Intervention'],Unauthorized Intervention,['train'],train,False,1920,1080,24.8,422,17.016129,avc1,0,0,0,0,0,0,0,1,train,source_0237,train,422,422,data/1_tr22.mp4
8bad1dd46d4554d4303e84caea3579c15e25d490e8c5b26ff9008900675a1f40,1_tr24.mp4,D:\AI_Safety_Monitoring\Datasets\Safe_Unsafe\data\1_tr24.mp4,2,2,"['Safe Walkway Violation', 'Unauthorized Intervention']",Safe Walkway Violation | Unauthorized Intervention,"['test', 'train']",test | train,True,1920,1080,24.8,421,16.975806,avc1,0,0,0,0,0,0,1,1,train,source_0239,test,421,421,data/1_tr24.mp4
8c454155e47fc763c1fee52d7c68ae2ea54439b522f0b8fbfc59001601890191,2_tr82.mp4,D:\AI_Safety_Monitoring\Datasets\Safe_Unsafe\data\2_tr82.mp4,1,1,['Opened Panel Cover'],Opened Panel Cover,['train'],train,False,1920,1080,25.05,151,6.027944,avc1,0,0,0,1,0,0,0,0,val,source_0412,train,151,151,data/2_tr82.mp4
8c68b419e195b935e59ca962fad427fff9bede854184d2d9652172b259ef3b8a,6_te12.mp4,D:\AI_Safety_Monitoring\Datasets\Safe_Unsafe\data\6_te12.mp4,1,1,['Closed Panel Cover'],Closed Panel Cover,['test'],test,False,1920,1080,24.91181756634992,260,10.436814,avc1,0,0,1,0,0,0,0,0,train,source_0563,train,260,260,data/6_te12.mp4
8d0f92c67b212ae0b4e3bf8412f2b12fa7962fee180e676f00d6520f4c2f8c8e,1_tr26.mp4,D:\AI_Safety_Monitoring\Datasets\Safe_Unsafe\data\1_tr26.mp4,1,1,['Unauthorized Intervention'],Unauthorized Intervention,['train'],train,False,1920,1080,24.79,397,16.014522,avc1,0,0,0,0,0,0,0,1,train,source_0241,train,397,397,data/1_tr26.mp4
8d61f2b9236147c8485fae3655723d1103e7fa11e305ec902aa3ceb85b7d546d,2_tr24.mp4,D:\AI_Safety_Monitoring\Datasets\Safe_Unsafe\data\2_tr24.mp4,1,1,['Opened Panel Cover'],Opened Panel Cover,['train'],train,False,1920,1080,25.0,100,4.0,avc1,0,0,0,1,0,0,0,0,train,source_0350,train,100,100,data/2_tr24.mp4
8daff6f027cd526cf58189b23046988c33352cce9b3a03a6377ffe22ee0bcf37,5_tr8.mp4,D:\AI_Safety_Monitoring\Datasets\Safe_Unsafe\data\5_tr8.mp4,1,1,['Authorized Intervention'],Authorized Intervention,['train'],train,False,1920,1080,25.08,201,8.014354,avc1,1,0,0,0,0,0,0,0,train,source_0559,train,201,201,data/5_tr8.mp4
8dfdf568985de2ad21aa68389ab08de7c337ccc5fda3fea9111b2361cccb15bd,0_tr136.mp4,D:\AI_Safety_Monitoring\Datasets\Safe_Unsafe\data\0_tr136.mp4,2,2,"['Authorized Intervention', 'Safe Walkway Violation']",Authorized Intervention | Safe Walkway Violation,"['test', 'train']",test | train,True,1920,1080,24.98062130537378,261,10.448099,avc1,1,0,0,0,0,0,1,0,train,source_0092,train,261,261,data/0_tr136.mp4
8e23bbff83098289257fed976f0ebf04a19af0224f9450e8db34273fbdd1335b,5_te14.mp4,D:\AI_Safety_Monitoring\Datasets\Safe_Unsafe\data\5_te14.mp4,1,1,['Authorized Intervention'],Authorized Intervention,['test'],test,False,1920,1080,25.0,258,10.32,avc1,1,0,0,0,0,0,0,0,train,source_0529,train,258,258,data/5_te14.mp4
8ed39c68003fe641fb75b5d4ccf7a96248c074fe5d25b1ee85a759da0b1f8e8d,0_tr149.mp4,D:\AI_Safety_Monitoring\Datasets\Safe_Unsafe\data\0_tr149.mp4,1,1,['Safe Walkway Violation'],Safe Walkway Violation,['train'],train,False,1920,1080,24.83,274,11.035038,avc1,0,0,0,0,0,0,1,0,train,source_0105,test,274,274,data/0_tr149.mp4
8eda9b5eb5662dfe50cb578e3e87b012b300f67b11efc656747cfa2e5a02d8d0,4_tr44.mp4,D:\AI_Safety_Monitoring\Datasets\Safe_Unsafe\data\4_tr44.mp4,1,1,['Safe Walkway'],Safe Walkway,['train'],train,False,1920,1080,25.11,349,13.898845,avc1,0,0,0,0,0,1,0,0,train,source_0516,test,349,349,data/4_tr44.mp4
8f2474cfcb7f72c9ec63e013230bf0a6164ec67ba85e469d3ee11412ce1f9fe0,1_tr60.mp4,D:\AI_Safety_Monitoring\Datasets\Safe_Unsafe\data\1_tr60.mp4,2,2,"['Opened Panel Cover', 'Unauthorized Intervention']",Opened Panel Cover | Unauthorized Intervention,['train'],train,False,1920,1080,24.93890487103223,260,10.425478,avc1,0,0,0,1,0,0,0,1,train,source_0269,test,260,260,data/1_tr60.mp4
8f2ac42eb2dcf3acda2dc0d9981f39433271034bef039f2c6417bf8333aaf4b6,1_tr16.mp4,D:\AI_Safety_Monitoring\Datasets\Safe_Unsafe\data\1_tr16.mp4,1,1,['Unauthorized Intervention'],Unauthorized Intervention,['train'],train,False,1920,1080,24.8,173,6.975806,avc1,0,0,0,0,0,0,0,1,train,source_0232,train,173,173,data/1_tr16.mp4
8f96a56926d0b614519b4559bd001bbd573d36607ee916cd6560168596abd72f,0_tr94.mp4,D:\AI_Safety_Monitoring\Datasets\Safe_Unsafe\data\0_tr94.mp4,1,1,['Safe Walkway Violation'],Safe Walkway Violation,['train'],train,False,1920,1080,24.83,199,8.014499,avc1,0,0,0,0,0,0,1,0,train,source_0218,train,199,199,data/0_tr94.mp4
8f9cf00a6bca020fb621523a85c8451658c065f5b4de312784d68baaa501dab1,2_tr26.mp4,D:\AI_Safety_Monitoring\Datasets\Safe_Unsafe\data\2_tr26.mp4,1,1,['Opened Panel Cover'],Opened Panel Cover,['train'],train,False,1920,1080,25.0,100,4.0,avc1,0,0,0,1,0,0,0,0,train,source_0352,train,100,100,data/2_tr26.mp4
901d23c335aae17853a0f970d86f859d87c61215cdbc9c84b4adf3f765fc2f1d,4_tr3.mp4,D:\AI_Safety_Monitoring\Datasets\Safe_Unsafe\data\4_tr3.mp4,1,1,['Safe Walkway'],Safe Walkway,['train'],train,False,1920,1080,24.91,104,4.17503,avc1,0,0,0,0,0,1,0,0,train,source_0501,train,104,104,data/4_tr3.mp4
91671f2269f623169f30e2e8eaa9a6fdcc65b6922feebc4da0d482c4cf1ead2f,7_te6.mp4,D:\AI_Safety_Monitoring\Datasets\Safe_Unsafe\data\7_te6.mp4,1,1,['Safe Carrying'],Safe Carrying,['test'],test,False,1920,1080,25.0,301,12.04,avc1,0,0,0,0,1,0,0,0,train,source_0595,val,301,301,data/7_te6.mp4
9190e65768851528ff64349af15326d040a2ee5635da16c45307adc4fa963118,0_tr2.mp4,D:\AI_Safety_Monitoring\Datasets\Safe_Unsafe\data\0_tr2.mp4,1,1,['Safe Walkway Violation'],Safe Walkway Violation,['train'],train,False,1920,1080,24.83,348,14.015304,avc1,0,0,0,0,0,0,1,0,val,source_0138,train,348,348,data/0_tr2.mp4
9201d5a667654c5f1a91c4b06cc07c44ef2a444e3598714c64613c812ad8d35f,7_te8.mp4,D:\AI_Safety_Monitoring\Datasets\Safe_Unsafe\data\7_te8.mp4,1,1,['Safe Carrying'],Safe Carrying,['test'],test,False,1920,1080,24.933017153767977,253,10.147187,avc1,0,0,0,0,1,0,0,0,train,source_0022,test,253,253,data/7_te8.mp4
922dac97a04f916d4151974428b28507758d4b51eafe6de0e9cf36bfaa2386eb,4_tr22.mp4,D:\AI_Safety_Monitoring\Datasets\Safe_Unsafe\data\4_tr22.mp4,1,1,['Safe Walkway'],Safe Walkway,['train'],train,False,1920,1080,24.83,274,11.035038,avc1,0,0,0,0,0,1,0,0,train,source_0493,train,274,274,data/4_tr22.mp4
93970460a30c0f7bf531842308d4f57a53eb04c1ddf96b32b59a7149c3afa95e,1_tr58.mp4,D:\AI_Safety_Monitoring\Datasets\Safe_Unsafe\data\1_tr58.mp4,1,1,['Unauthorized Intervention'],Unauthorized Intervention,['train'],train,False,1920,1080,24.841290272252127,259,10.42619,avc1,0,0,0,0,0,0,0,1,test,source_0267,train,259,259,data/1_tr58.mp4
93e0ff437f42b99e097e44db7f367ba803f42ae7337bdf81065fde4e66cc28fa,2_tr18.mp4,D:\AI_Safety_Monitoring\Datasets\Safe_Unsafe\data\2_tr18.mp4,1,1,['Opened Panel Cover'],Opened Panel Cover,['train'],train,False,1920,1080,25.0,100,4.0,avc1,0,0,0,1,0,0,0,0,train,source_0343,val,100,100,data/2_tr18.mp4
93fbd4851e4ec8b25467f899f9f4f4c7caf8ac6f0f7e95b9d08ce26ef03c4337,3_tr2.mp4,D:\AI_Safety_Monitoring\Datasets\Safe_Unsafe\data\3_tr2.mp4,1,1,['Carrying Overload with Forklift'],Carrying Overload with Forklift,['train'],train,False,1920,1080,25.0,300,12.0,avc1,0,1,0,0,0,0,0,0,train,source_0002,train,300,300,data/3_tr2.mp4
9655d3aaefeb4f4e077088416bb796454f55cf527418d152bb95593639961f4b,0_tr30.mp4,D:\AI_Safety_Monitoring\Datasets\Safe_Unsafe\data\0_tr30.mp4,1,1,['Safe Walkway Violation'],Safe Walkway Violation,['train'],train,False,1920,1080,24.83,125,5.034233,avc1,0,0,0,0,0,0,1,0,test,source_0149,train,125,125,data/0_tr30.mp4
967ebda6615f77a85f0bd6573460533a48ed37c1c600c34074e0d6061f19fc16,0_tr167.mp4,D:\AI_Safety_Monitoring\Datasets\Safe_Unsafe\data\0_tr167.mp4,1,1,['Safe Walkway Violation'],Safe Walkway Violation,['train'],train,False,1920,1080,24.83,323,13.008458,avc1,0,0,0,0,0,0,1,0,train,source_0123,train,323,323,data/0_tr167.mp4
96d0a125a6fafc0c5478523c385177b60b7936fd1cfba1ee2fc34f96a29d84ce,4_tr45.mp4,D:\AI_Safety_Monitoring\Datasets\Safe_Unsafe\data\4_tr45.mp4,1,1,['Safe Walkway'],Safe Walkway,['train'],train,False,1920,1080,25.11,177,7.048984,avc1,0,0,0,0,0,1,0,0,train,source_0517,train,177,177,data/4_tr45.mp4
974ae2e5136de5bb6eafb3240edbcc08d1d70896f290eee4e79b79564a91faaf,0_tr69.mp4,D:\AI_Safety_Monitoring\Datasets\Safe_Unsafe\data\0_tr69.mp4,1,1,['Safe Walkway Violation'],Safe Walkway Violation,['train'],train,False,1920,1080,24.8,173,6.975806,avc1,0,0,0,0,0,0,1,0,train,source_0190,test,173,173,data/0_tr69.mp4
981f07e577ab69538139fb1516572ab2dce7f0a6677a62fcadf587f57a88a30e,5_tr5.mp4,D:\AI_Safety_Monitoring\Datasets\Safe_Unsafe\data\5_tr5.mp4,1,1,['Authorized Intervention'],Authorized Intervention,['train'],train,False,1920,1080,24.94,301,12.068966,avc1,1,0,0,0,0,0,0,0,test,source_0556,train,301,301,data/5_tr5.mp4
9827db9eb7c698782962e39c7bbee8d03fe1007be1edd99f4c20c99ba3420fc5,0_tr126.mp4,D:\AI_Safety_Monitoring\Datasets\Safe_Unsafe\data\0_tr126.mp4,1,1,['Safe Walkway Violation'],Safe Walkway Violation,['train'],train,False,1920,1080,24.989983354262183,261,10.444185,avc1,0,0,0,0,0,0,1,0,train,source_0082,train,261,261,data/0_tr126.mp4
9847393983a6741a1a897260e299f08a269a92d3865a81e897d18c2dc52d0b0d,3_tr1.mp4,D:\AI_Safety_Monitoring\Datasets\Safe_Unsafe\data\3_tr1.mp4,1,1,['Carrying Overload with Forklift'],Carrying Overload with Forklift,['train'],train,False,1920,1080,25.0,325,13.0,avc1,0,1,0,0,0,0,0,0,val,source_0436,val,325,325,data/3_tr1.mp4
9894c363ee55a20c9343aa4853ab059cb5756dfa5c2fa604b6b94625961dd3dd,0_tr172.mp4,D:\AI_Safety_Monitoring\Datasets\Safe_Unsafe\data\0_tr172.mp4,1,1,['Safe Walkway Violation'],Safe Walkway Violation,['train'],train,False,1920,1080,24.83,323,13.008458,avc1,0,0,0,0,0,0,1,0,train,source_0129,val,323,323,data/0_tr172.mp4
98a58e3a87b43e9dc92f3a00cac1ebab2e3306fb898a17ec294edd370cc5f9d7,2_tr39.mp4,D:\AI_Safety_Monitoring\Datasets\Safe_Unsafe\data\2_tr39.mp4,1,1,['Opened Panel Cover'],Opened Panel Cover,['train'],train,False,1920,1080,25.08,125,4.984051,avc1,0,0,0,1,0,0,0,0,test,source_0366,train,125,125,data/2_tr39.mp4
98c42c589bbfb892a4b1ad7969205b1569ff1fda14933a34348e4906e4b29525,0_tr48.mp4,D:\AI_Safety_Monitoring\Datasets\Safe_Unsafe\data\0_tr48.mp4,2,2,"['Safe Walkway Violation', 'Unauthorized Intervention']",Safe Walkway Violation | Unauthorized Intervention,['train'],train,False,1920,1080,24.8,173,6.975806,avc1,0,0,0,0,0,0,1,1,train,source_0167,train,173,173,data/0_tr48.mp4
990c5b49ecef3efbf95a800ec00bf891a946b0069d79fb2663072c025fd0ed9f,1_tr42.mp4,D:\AI_Safety_Monitoring\Datasets\Safe_Unsafe\data\1_tr42.mp4,1,1,['Unauthorized Intervention'],Unauthorized Intervention,['train'],train,False,1920,1080,24.59,270,10.980073,avc1,0,0,0,0,0,0,0,1,test,source_0256,val,270,270,data/1_tr42.mp4
99d7ad69638f0b4ebbf3b966f279386ceeadd4521f16ce81cc9b551ab0293c36,3_te2.mp4,D:\AI_Safety_Monitoring\Datasets\Safe_Unsafe\data\3_te2.mp4,1,1,['Carrying Overload with Forklift'],Carrying Overload with Forklift,['test'],test,False,1920,1080,25.0,275,11.0,avc1,0,1,0,0,0,0,0,0,train,source_0431,train,275,275,data/3_te2.mp4
99f7b8efdbd821f5a64a05d7943e6bbe1140b3b26cc33ee2433c432f1b0f2b62,1_tr88.mp4,D:\AI_Safety_Monitoring\Datasets\Safe_Unsafe\data\1_tr88.mp4,2,2,"['Safe Walkway Violation', 'Unauthorized Intervention']",Safe Walkway Violation | Unauthorized Intervention,"['test', 'train']",test | train,True,1920,1080,24.8,173,6.975806,avc1,0,0,0,0,0,0,1,1,train,source_0292,train,173,173,data/1_tr88.mp4
9a6dccb479d178ee11b5a031c13b09a86a582d6a028785425570c842f0168b25,0_tr169.mp4,D:\AI_Safety_Monitoring\Datasets\Safe_Unsafe\data\0_tr169.mp4,2,2,"['Safe Walkway Violation', 'Unauthorized Intervention']",Safe Walkway Violation | Unauthorized Intervention,"['test', 'train']",test | train,True,1920,1080,24.83,323,13.008458,avc1,0,0,0,0,0,0,1,1,train,source_0125,train,323,323,data/0_tr169.mp4
9b357138e5498861a96a587d3a5afacfd1f2c560776e054022084c5cce12aed6,0_tr54.mp4,D:\AI_Safety_Monitoring\Datasets\Safe_Unsafe\data\0_tr54.mp4,1,1,['Safe Walkway Violation'],Safe Walkway Violation,['train'],train,False,1920,1080,24.8,173,6.975806,avc1,0,0,0,0,0,0,1,0,train,source_0174,train,173,173,data/0_tr54.mp4
9bb024df8e7d19b6cf4d81f7f4f81ab269e0c26cef3e8334cbc6086b3725013c,0_tr51.mp4,D:\AI_Safety_Monitoring\Datasets\Safe_Unsafe\data\0_tr51.mp4,2,2,"['Safe Walkway Violation', 'Unauthorized Intervention']",Safe Walkway Violation | Unauthorized Intervention,['train'],train,False,1920,1080,24.8,173,6.975806,avc1,0,0,0,0,0,0,1,1,train,source_0171,val,173,173,data/0_tr51.mp4
9bb54ee4bd770358787d6d6d1f9716d0aaa9cf5d79c9fb9dff3dae2e9d7d26fd,0_tr157.mp4,D:\AI_Safety_Monitoring\Datasets\Safe_Unsafe\data\0_tr157.mp4,1,1,['Safe Walkway Violation'],Safe Walkway Violation,['train'],train,False,1920,1080,24.83,297,11.961337,avc1,0,0,0,0,0,0,1,0,train,source_0113,test,297,297,data/0_tr157.mp4
9ce9b0ce7378d53b0618f96c01d4b61c685e0deed5bea5a24ff33b8bb122a20c,4_tr42.mp4,D:\AI_Safety_Monitoring\Datasets\Safe_Unsafe\data\4_tr42.mp4,1,1,['Safe Walkway'],Safe Walkway,['train'],train,False,1920,1080,24.97,208,8.329996,avc1,0,0,0,0,0,1,0,0,train,source_0514,train,208,208,data/4_tr42.mp4
9cfc4f1b067a42c0e18188029ce8e36c4f0911f24db45a3dfd6acc9b4c4970bc,4_te18.mp4,D:\AI_Safety_Monitoring\Datasets\Safe_Unsafe\data\4_te18.mp4,1,1,['Safe Walkway'],Safe Walkway,['test'],test,False,1920,1080,24.83,303,12.20298,avc1,0,0,0,0,0,1,0,0,train,source_0010,train,303,303,data/4_te18.mp4
9d4e5e4d14c982ed7b57d126df67d4b09df61fe70da37914a9bd24997b2a0e3b,2_tr121.mp4,D:\AI_Safety_Monitoring\Datasets\Safe_Unsafe\data\2_tr121.mp4,1,1,['Opened Panel Cover'],Opened Panel Cover,['train'],train,False,1920,1080,25.02,226,9.032774,avc1,0,0,0,1,0,0,0,0,train,source_0332,val,226,226,data/2_tr121.mp4
9da2b0339c523530ab42d9ba3cd90d06bbd9ebd9283c073f415762afc30eed18,0_tr59.mp4,D:\AI_Safety_Monitoring\Datasets\Safe_Unsafe\data\0_tr59.mp4,2,2,"['Safe Walkway Violation', 'Unauthorized Intervention']",Safe Walkway Violation | Unauthorized Intervention,['train'],train,False,1920,1080,24.8,173,6.975806,avc1,0,0,0,0,0,0,1,1,train,source_0179,val,173,173,data/0_tr59.mp4
9dac64de68214c8feb9e5a2c8bcbf0d09ceac9fdc8061acdacf5ef6963ee92e7,3_tr48.mp4,D:\AI_Safety_Monitoring\Datasets\Safe_Unsafe\data\3_tr48.mp4,1,1,['Carrying Overload with Forklift'],Carrying Overload with Forklift,['train'],train,False,1920,1080,25.0,75,3.0,avc1,0,1,0,0,0,0,0,0,train,source_0458,test,75,75,data/3_tr48.mp4
9f6ad2cb27b0b6a3115171887c6523e26749b709cefc2b66633eb6d4c0ceb8b9,2_tr63.mp4,D:\AI_Safety_Monitoring\Datasets\Safe_Unsafe\data\2_tr63.mp4,1,1,['Opened Panel Cover'],Opened Panel Cover,['train'],train,False,1920,1080,25.08,126,5.023923,avc1,0,0,0,1,0,0,0,0,val,source_0391,val,126,126,data/2_tr63.mp4
9f996c17e6825212b744c05049c6126357605e9ea363793a17c0188e649cac4d,0_tr12.mp4,D:\AI_Safety_Monitoring\Datasets\Safe_Unsafe\data\0_tr12.mp4,1,1,['Safe Walkway Violation'],Safe Walkway Violation,['train'],train,False,1920,1080,24.83,373,15.022151,avc1,0,0,0,0,0,0,1,0,val,source_0077,train,373,373,data/0_tr12.mp4
a065cd0c2102412e43d2a5f8fca2559c9a7925996076dc6c2bed79899cb2bdb7,2_tr70.mp4,D:\AI_Safety_Monitoring\Datasets\Safe_Unsafe\data\2_tr70.mp4,1,1,['Opened Panel Cover'],Opened Panel Cover,['train'],train,False,1920,1080,25.05,150,5.988024,avc1,0,0,0,1,0,0,0,0,train,source_0399,train,150,150,data/2_tr70.mp4
a0cbb9f6035a3335114dbcc13ac0598d7c378d79ce2067783e0ea7a6c497f698,2_tr9.mp4,D:\AI_Safety_Monitoring\Datasets\Safe_Unsafe\data\2_tr9.mp4,1,1,['Opened Panel Cover'],Opened Panel Cover,['train'],train,False,1920,1080,25.02,100,3.996803,avc1,0,0,0,1,0,0,0,0,val,source_0420,train,100,100,data/2_tr9.mp4
a0e7b25c2d584c818215e4190373f275c0159c165f57cab9636fda6245516990,7_tr5.mp4,D:\AI_Safety_Monitoring\Datasets\Safe_Unsafe\data\7_tr5.mp4,1,1,['Safe Carrying'],Safe Carrying,['train'],train,False,1920,1080,24.86282428339405,177,7.119063,avc1,0,0,0,0,1,0,0,0,train,source_0030,train,177,177,data/7_tr5.mp4
a1c8253fd21c890e86d1838e612d2053348bb08893729082924e3c64b9f11e60,0_tr91.mp4,D:\AI_Safety_Monitoring\Datasets\Safe_Unsafe\data\0_tr91.mp4,1,1,['Safe Walkway Violation'],Safe Walkway Violation,['train'],train,False,1920,1080,24.8,174,7.016129,avc1,0,0,0,0,0,0,1,0,test,source_0215,train,174,174,data/0_tr91.mp4
a1d971a38c11e70f7590242ce5a0494fa13a743e4758fb86744eb8e34c3d07d6,0_tr46.mp4,D:\AI_Safety_Monitoring\Datasets\Safe_Unsafe\data\0_tr46.mp4,1,1,['Safe Walkway Violation'],Safe Walkway Violation,['train'],train,False,1920,1080,24.8,173,6.975806,avc1,0,0,0,0,0,0,1,0,train,source_0165,train,173,173,data/0_tr46.mp4
a268d66cc04b6953d1473d14c0ddfeefaa524afdab8817f0294b51855fc0e4ad,2_tr123.mp4,D:\AI_Safety_Monitoring\Datasets\Safe_Unsafe\data\2_tr123.mp4,1,1,['Opened Panel Cover'],Opened Panel Cover,['train'],train,False,1920,1080,25.05877185276289,261,10.415514,avc1,0,0,0,1,0,0,0,0,train,source_0333,test,261,261,data/2_tr123.mp4
a2854e6a2593ecb9e1ca436772c090fc1678d3e89842bcd733c1b9e62cb9ab37,2_tr27.mp4,D:\AI_Safety_Monitoring\Datasets\Safe_Unsafe\data\2_tr27.mp4,1,1,['Opened Panel Cover'],Opened Panel Cover,['train'],train,False,1920,1080,25.0,100,4.0,avc1,0,0,0,1,0,0,0,0,val,source_0353,train,100,100,data/2_tr27.mp4
a28d1a2156fe65283696c54dce16ebf0ea22f631b8a82011cbefbd2f05ef61da,3_tr13.mp4,D:\AI_Safety_Monitoring\Datasets\Safe_Unsafe\data\3_tr13.mp4,1,1,['Carrying Overload with Forklift'],Carrying Overload with Forklift,['train'],train,False,1920,1080,25.0,250,10.0,avc1,0,1,0,0,0,0,0,0,val,source_0025,train,250,250,data/3_tr13.mp4
a2e021f3d9aaa54849cdeff02e3ee7c85326bc7b71c5ca278fdaf0d8cf7c7ac9,4_te22.mp4,D:\AI_Safety_Monitoring\Datasets\Safe_Unsafe\data\4_te22.mp4,1,1,['Safe Walkway'],Safe Walkway,['test'],test,False,1920,1080,24.97,208,8.329996,avc1,0,0,0,0,0,1,0,0,train,source_0472,train,208,208,data/4_te22.mp4
a3357a9533cb728304ff2295acf3d456afb09ec6cb2f8cc373c242750e403f5f,2_tr99.mp4,D:\AI_Safety_Monitoring\Datasets\Safe_Unsafe\data\2_tr99.mp4,1,1,['Opened Panel Cover'],Opened Panel Cover,['train'],train,False,1920,1080,25.0,175,7.0,avc1,0,0,0,1,0,0,0,0,train,source_0430,train,175,175,data/2_tr99.mp4
a41114e6863cfb4f21bea55caf57defb06279a7b78fb5167d7a044ef78dfb2d5,2_tr30.mp4,D:\AI_Safety_Monitoring\Datasets\Safe_Unsafe\data\2_tr30.mp4,1,1,['Opened Panel Cover'],Opened Panel Cover,['train'],train,False,1920,1080,25.02,101,4.036771,avc1,0,0,0,1,0,0,0,0,train,source_0357,train,101,101,data/2_tr30.mp4
a453ed3d563e2382d7f1edd3240bb507dbaf4b5f98117d314812079ecaaa6d9a,5_tr22.mp4,D:\AI_Safety_Monitoring\Datasets\Safe_Unsafe\data\5_tr22.mp4,1,1,['Authorized Intervention'],Authorized Intervention,['train'],train,False,1920,1080,24.92,373,14.967897,avc1,1,0,0,0,0,0,0,0,test,source_0552,val,373,373,data/5_tr22.mp4
a469f0810d98c08411f8f940f9acb773927b179e8a62ab5b3428c26a4f03e5b0,0_tr81.mp4,D:\AI_Safety_Monitoring\Datasets\Safe_Unsafe\data\0_tr81.mp4,1,1,['Safe Walkway Violation'],Safe Walkway Violation,['train'],train,False,1920,1080,24.8,174,7.016129,avc1,0,0,0,0,0,0,1,0,test,source_0204,train,174,174,data/0_tr81.mp4
a47091eb99fa9d6f92fb7a380fa8d07ddb7e8b58293aa54a7e7a262257037538,2_tr59.mp4,D:\AI_Safety_Monitoring\Datasets\Safe_Unsafe\data\2_tr59.mp4,1,1,['Opened Panel Cover'],Opened Panel Cover,['train'],train,False,1920,1080,25.08,126,5.023923,avc1,0,0,0,1,0,0,0,0,train,source_0386,train,126,126,data/2_tr59.mp4
a4c3c6dc80d04594844dfca0cc10171f5e3342a9d5c45d0bf4ad5da7b1801aaa,6_tr9.mp4,D:\AI_Safety_Monitoring\Datasets\Safe_Unsafe\data\6_tr9.mp4,1,1,['Closed Panel Cover'],Closed Panel Cover,['train'],train,False,1920,1080,25.01,77,3.078768,avc1,0,0,1,0,0,0,0,0,train,source_0591,test,77,77,data/6_tr9.mp4
a50ebb8b829dc01b7c37720b4b50f40e33c3d985a425aa9068dc15223723de41,2_tr100.mp4,D:\AI_Safety_Monitoring\Datasets\Safe_Unsafe\data\2_tr100.mp4,1,1,['Opened Panel Cover'],Opened Panel Cover,['train'],train,False,1920,1080,25.0,175,7.0,avc1,0,0,0,1,0,0,0,0,train,source_0001,train,175,175,data/2_tr100.mp4
a55e5b9780e5da06010fe1279a81b1a4abda90d3c5dd61856d34d9ae3d75da1b,0_tr124.mp4,D:\AI_Safety_Monitoring\Datasets\Safe_Unsafe\data\0_tr124.mp4,1,1,['Safe Walkway Violation'],Safe Walkway Violation,['train'],train,False,1920,1080,24.991321362687213,261,10.443625,avc1,0,0,0,0,0,0,1,0,train,source_0080,train,261,261,data/0_tr124.mp4
a614d435bd7f0cdf285ee561ac920dfe9549b95ef3ba5f7ee8119f5270a5f3cb,6_tr14.mp4,D:\AI_Safety_Monitoring\Datasets\Safe_Unsafe\data\6_tr14.mp4,1,1,['Closed Panel Cover'],Closed Panel Cover,['train'],train,False,1920,1080,24.99,61,2.440976,avc1,0,0,1,0,0,0,0,0,test,source_0578,val,61,61,data/6_tr14.mp4
a7030e2dd1c9f32bde9ea170422139a4b6031feb24d6378ce62769f458055e17,0_tr20.mp4,D:\AI_Safety_Monitoring\Datasets\Safe_Unsafe\data\0_tr20.mp4,1,1,['Safe Walkway Violation'],Safe Walkway Violation,['train'],train,False,1920,1080,24.83,124,4.993959,avc1,0,0,0,0,0,0,1,0,train,source_0139,train,124,124,data/0_tr20.mp4
a739d2f38de66246bbb374c615a0d541e8caf9888a1bac24cfba9d84a7ab544d,0_tr80.mp4,D:\AI_Safety_Monitoring\Datasets\Safe_Unsafe\data\0_tr80.mp4,1,1,['Safe Walkway Violation'],Safe Walkway Violation,['train'],train,False,1920,1080,24.8,174,7.016129,avc1,0,0,0,0,0,0,1,0,val,source_0203,train,174,174,data/0_tr80.mp4
a85875a4d67f2205139586ab6f5cc6d05e181f1ffb6a11a1a76e53a6d12de2aa,0_tr93.mp4,D:\AI_Safety_Monitoring\Datasets\Safe_Unsafe\data\0_tr93.mp4,1,1,['Safe Walkway Violation'],Safe Walkway Violation,['train'],train,False,1920,1080,24.83,199,8.014499,avc1,0,0,0,0,0,0,1,0,test,source_0217,train,199,199,data/0_tr93.mp4
a86d707224203aa23079ebe8981b7befe7d358568a33e968b8734af16e0aaa4e,1_tr43.mp4,D:\AI_Safety_Monitoring\Datasets\Safe_Unsafe\data\1_tr43.mp4,1,1,['Unauthorized Intervention'],Unauthorized Intervention,['train'],train,False,1920,1080,24.59,270,10.980073,avc1,0,0,0,0,0,0,0,1,train,source_0005,val,270,270,data/1_tr43.mp4
a87ea8e5b63818680e464cd260a5896a716d5ab272a6e54c30fcf69116684047,2_tr21.mp4,D:\AI_Safety_Monitoring\Datasets\Safe_Unsafe\data\2_tr21.mp4,1,1,['Opened Panel Cover'],Opened Panel Cover,['train'],train,False,1920,1080,25.0,100,4.0,avc1,0,0,0,1,0,0,0,0,train,source_0347,train,100,100,data/2_tr21.mp4
a87fa8e3c8a04f4836b63ae7bda4752f63aef373573e6109530b44627f01fa0a,7_tr10.mp4,D:\AI_Safety_Monitoring\Datasets\Safe_Unsafe\data\7_tr10.mp4,1,1,['Safe Carrying'],Safe Carrying,['train'],train,False,1920,1080,25.11714248881925,127,5.056308,avc1,0,0,0,0,1,0,0,0,val,source_0000,val,127,127,data/7_tr10.mp4
a906340829838a316665ed893325ea472e503b9692dfdf1ab8dab5fe29a4bdbf,0_tr96.mp4,D:\AI_Safety_Monitoring\Datasets\Safe_Unsafe\data\0_tr96.mp4,1,1,['Safe Walkway Violation'],Safe Walkway Violation,['train'],train,False,1920,1080,24.83,199,8.014499,avc1,0,0,0,0,0,0,1,0,train,source_0220,train,199,199,data/0_tr96.mp4
aa23e8c6966d7627c548f68b9dd293e208a860ce290790d184227715280e0094,2_tr13.mp4,D:\AI_Safety_Monitoring\Datasets\Safe_Unsafe\data\2_tr13.mp4,1,1,['Opened Panel Cover'],Opened Panel Cover,['train'],train,False,1920,1080,25.0,100,4.0,avc1,0,0,0,1,0,0,0,0,train,source_0338,train,100,100,data/2_tr13.mp4
abd9dfc2be50c20f280bdadeebf80fa6de38f6018a619da79d3fddb5018a1dd2,0_te6.mp4,D:\AI_Safety_Monitoring\Datasets\Safe_Unsafe\data\0_te6.mp4,1,1,['Safe Walkway Violation'],Safe Walkway Violation,['test'],test,False,1920,1080,24.83,373,15.022151,avc1,0,0,0,0,0,0,1,0,val,source_0055,train,373,373,data/0_te6.mp4
ac1310dd17ff84d17bbd956d8ac4356f3c5ffb9168c74742c872df4c0afc33cb,0_tr24.mp4,D:\AI_Safety_Monitoring\Datasets\Safe_Unsafe\data\0_tr24.mp4,1,1,['Safe Walkway Violation'],Safe Walkway Violation,['train'],train,False,1920,1080,24.83,124,4.993959,avc1,0,0,0,0,0,0,1,0,test,source_0143,train,124,124,data/0_tr24.mp4
ac53cc5da469e2c77ff0410029be4822647391acdaab494ae2f15e0f6cc62dc9,2_tr5.mp4,D:\AI_Safety_Monitoring\Datasets\Safe_Unsafe\data\2_tr5.mp4,1,1,['Opened Panel Cover'],Opened Panel Cover,['train'],train,False,1920,1080,25.02,76,3.03757,avc1,0,0,0,1,0,0,0,0,train,source_0377,train,76,76,data/2_tr5.mp4
ac9846a67d2c922420f672c83a9a3ff01da11aadf18317538847544cdfe82aa6,5_te12.mp4,D:\AI_Safety_Monitoring\Datasets\Safe_Unsafe\data\5_te12.mp4,1,1,['Authorized Intervention'],Authorized Intervention,['test'],test,False,1920,1080,24.8557113935166,259,10.42014,avc1,1,0,0,0,0,0,0,0,train,source_0528,test,259,259,data/5_te12.mp4
acdb777a0b069da00ec1f708e949720fc6b3911f71aa28b724c66bc174c7c416,4_te20.mp4,D:\AI_Safety_Monitoring\Datasets\Safe_Unsafe\data\4_te20.mp4,1,1,['Safe Walkway'],Safe Walkway,['test'],test,False,1920,1080,25.0,194,7.76,avc1,0,0,0,0,0,1,0,0,train,source_0017,train,194,194,data/4_te20.mp4
ad4a802ab58297094e75a3873260fbe286030ab94ebbd35da5d785d89c104bda,5_te6.mp4,D:\AI_Safety_Monitoring\Datasets\Safe_Unsafe\data\5_te6.mp4,1,1,['Authorized Intervention'],Authorized Intervention,['test'],test,False,1920,1080,24.97,347,13.896676,avc1,1,0,0,0,0,0,0,0,train,source_0535,train,347,347,data/5_te6.mp4
ad77a7f74cbc0f8a6fd353c8f0b6f67e3eecb8f78c51a697214b1add51e925ca,1_tr67.mp4,D:\AI_Safety_Monitoring\Datasets\Safe_Unsafe\data\1_tr67.mp4,1,1,['Unauthorized Intervention'],Unauthorized Intervention,['train'],train,False,1920,1080,25.0,258,10.32,avc1,0,0,0,0,0,0,0,1,train,source_0276,test,258,258,data/1_tr67.mp4
adb64cf0eeabc981efb6f3866db78fbf9d4447325307f156fe1ed837ce774615,0_tr145.mp4,D:\AI_Safety_Monitoring\Datasets\Safe_Unsafe\data\0_tr145.mp4,1,1,['Safe Walkway Violation'],Safe Walkway Violation,['train'],train,False,1920,1080,22.900763358778622,240,10.48,avc1,0,0,0,0,0,0,1,0,train,source_0101,train,240,240,data/0_tr145.mp4
adcfdf530eb08f252257c35d692fc3c8e5af95c11bed051e1bb4f136dc47e286,0_tr8.mp4,D:\AI_Safety_Monitoring\Datasets\Safe_Unsafe\data\0_tr8.mp4,1,1,['Safe Walkway Violation'],Safe Walkway Violation,['train'],train,False,1920,1080,24.83,372,14.981877,avc1,0,0,0,0,0,0,1,0,val,source_0202,test,372,372,data/0_tr8.mp4
af1df2c5f05e707b9232bb791c936956b3f6a8df8d6b164fbe54c449ca927a04,5_te15.mp4,D:\AI_Safety_Monitoring\Datasets\Safe_Unsafe\data\5_te15.mp4,1,1,['Authorized Intervention'],Authorized Intervention,['test'],test,False,1920,1080,24.92,374,15.008026,avc1,1,0,0,0,0,0,0,0,train,source_0530,train,374,374,data/5_te15.mp4
af2270ff295f8373429208655a715c1384ba506318a2a33c6430846dfe55e07b,1_tr79.mp4,D:\AI_Safety_Monitoring\Datasets\Safe_Unsafe\data\1_tr79.mp4,1,1,['Unauthorized Intervention'],Unauthorized Intervention,['train'],train,False,1920,1080,24.92,224,8.988764,avc1,0,0,0,0,0,0,0,1,train,source_0282,val,224,224,data/1_tr79.mp4
b081e2b81737653c1843c8d9a240c8a71b5cd8d5d0b40a9fbc37fb49a466c6ae,0_tr141.mp4,D:\AI_Safety_Monitoring\Datasets\Safe_Unsafe\data\0_tr141.mp4,1,1,['Safe Walkway Violation'],Safe Walkway Violation,['train'],train,False,1920,1080,24.97527471191124,261,10.450336,avc1,0,0,0,0,0,0,1,0,train,source_0097,val,261,261,data/0_tr141.mp4
b0e03f2f38cdfa9c577156bb165e6db230c1efe3fafea2bdc047640c77455ae7,2_tr110.mp4,D:\AI_Safety_Monitoring\Datasets\Safe_Unsafe\data\2_tr110.mp4,1,1,['Opened Panel Cover'],Opened Panel Cover,['train'],train,False,1920,1080,25.09,200,7.971303,avc1,0,0,0,1,0,0,0,0,train,source_0322,train,200,200,data/2_tr110.mp4
b2ae16a76a9fc4fd511c2b9b8fde17ec94b53f588849c715bbbe5a0457b3ffba,2_tr90.mp4,D:\AI_Safety_Monitoring\Datasets\Safe_Unsafe\data\2_tr90.mp4,1,1,['Opened Panel Cover'],Opened Panel Cover,['train'],train,False,1920,1080,25.09,175,6.97489,avc1,0,0,0,1,0,0,0,0,train,source_0421,train,175,175,data/2_tr90.mp4
b2cfdb07751191e2ca604c4f804a9129725b26b292ecca539f379a2ab6bd6a28,2_tr93.mp4,D:\AI_Safety_Monitoring\Datasets\Safe_Unsafe\data\2_tr93.mp4,1,1,['Opened Panel Cover'],Opened Panel Cover,['train'],train,False,1920,1080,25.02,175,6.994404,avc1,0,0,0,1,0,0,0,0,test,source_0424,train,175,175,data/2_tr93.mp4
b34ba15968cd2c72c65f006a41d08de5ddcc5ec24bb063c858128897d4c1bd44,1_tr30.mp4,D:\AI_Safety_Monitoring\Datasets\Safe_Unsafe\data\1_tr30.mp4,1,1,['Unauthorized Intervention'],Unauthorized Intervention,['train'],train,False,1920,1080,24.79,323,13.029447,avc1,0,0,0,0,0,0,0,1,train,source_0245,train,323,323,data/1_tr30.mp4
b37118cf20d96d4607f55ca29aa437394537563ce6e17956855dc2ffa8a0f9fa,0_tr63.mp4,D:\AI_Safety_Monitoring\Datasets\Safe_Unsafe\data\0_tr63.mp4,2,2,"['Safe Walkway Violation', 'Unauthorized Intervention']",Safe Walkway Violation | Unauthorized Intervention,['train'],train,False,1920,1080,24.8,173,6.975806,avc1,0,0,0,0,0,0,1,1,train,source_0184,train,173,173,data/0_tr63.mp4
b45535099ab215be1a2a9d6c8a111452d803cd19463ec6cc47287b4eba1d5b41,1_te8.mp4,D:\AI_Safety_Monitoring\Datasets\Safe_Unsafe\data\1_te8.mp4,1,1,['Unauthorized Intervention'],Unauthorized Intervention,['test'],test,False,1920,1080,25.09,283,11.279394,avc1,0,0,0,0,0,0,0,1,train,source_0014,train,283,283,data/1_te8.mp4
b5d8e4cba64c88f48f99cb40074e77ce7a70aa55987483849f230c6f3cee7e61,1_tr80.mp4,D:\AI_Safety_Monitoring\Datasets\Safe_Unsafe\data\1_tr80.mp4,1,1,['Unauthorized Intervention'],Unauthorized Intervention,['train'],train,False,1920,1080,24.79,198,7.987092,avc1,0,0,0,0,0,0,0,1,train,source_0284,train,198,198,data/1_tr80.mp4
b6daa8e4a2148be19e5fb4e4f9c06d98aa51659aa0265a2fd2d2dbe26a55f636,7_te2.mp4,D:\AI_Safety_Monitoring\Datasets\Safe_Unsafe\data\7_te2.mp4,1,1,['Safe Carrying'],Safe Carrying,['test'],test,False,1920,1080,24.865560272738968,151,6.072656,avc1,0,0,0,0,1,0,0,0,train,source_0029,train,151,151,data/7_te2.mp4
b6e73fa888d7a9dfc1cac8bcd8dbd8cb87e0af6a4eca922fbc920f96a3e0e057,7_te7.mp4,D:\AI_Safety_Monitoring\Datasets\Safe_Unsafe\data\7_te7.mp4,1,1,['Safe Carrying'],Safe Carrying,['test'],test,False,1920,1080,25.0,299,11.96,avc1,0,0,0,0,1,0,0,0,val,source_0596,train,299,299,data/7_te7.mp4
b6f11945d81ce4dd9163e28628aed0f2fb14ad841cd4d38d1acd333cee279a0e,1_tr31.mp4,D:\AI_Safety_Monitoring\Datasets\Safe_Unsafe\data\1_tr31.mp4,1,1,['Unauthorized Intervention'],Unauthorized Intervention,['train'],train,False,1920,1080,24.8,323,13.024194,avc1,0,0,0,0,0,0,0,1,train,source_0246,val,323,323,data/1_tr31.mp4
b8049a13cc53d0c514cf97f2d971cd2cfda7f55081a0613ae5d70d476333e1db,2_tr49.mp4,D:\AI_Safety_Monitoring\Datasets\Safe_Unsafe\data\2_tr49.mp4,1,1,['Opened Panel Cover'],Opened Panel Cover,['train'],train,False,1920,1080,25.08,126,5.023923,avc1,0,0,0,1,0,0,0,0,train,source_0376,train,126,126,data/2_tr49.mp4
b805fd34d448859b5196c25525b06505b73f6e9d476e2d0377331ae6735cb378,0_te4.mp4,D:\AI_Safety_Monitoring\Datasets\Safe_Unsafe\data\0_te4.mp4,1,1,['Safe Walkway Violation'],Safe Walkway Violation,['test'],test,False,1920,1080,24.83,373,15.022151,avc1,0,0,0,0,0,0,1,0,train,source_0053,val,373,373,data/0_te4.mp4
b8ca564247fa30195ebbee6c8b210e6f494a40156a54f41b07985e3ffd564c29,5_tr10.mp4,D:\AI_Safety_Monitoring\Datasets\Safe_Unsafe\data\5_tr10.mp4,1,1,['Authorized Intervention'],Authorized Intervention,['train'],train,False,1920,1080,25.08,200,7.974482,avc1,1,0,0,0,0,0,0,0,train,source_0540,train,200,200,data/5_tr10.mp4
b8d666b4f1696e3d18191dc6d15b34e6dabad65a5b1e8a7fc9926a82ed6656da,0_tr25.mp4,D:\AI_Safety_Monitoring\Datasets\Safe_Unsafe\data\0_tr25.mp4,1,1,['Safe Walkway Violation'],Safe Walkway Violation,['train'],train,False,1920,1080,24.83,124,4.993959,avc1,0,0,0,0,0,0,1,0,val,source_0144,train,124,124,data/0_tr25.mp4
b916aafb0b8702109c5a1fb15a927c499cd26c3cc05a8b1239c68f7e773af152,1_te3.mp4,D:\AI_Safety_Monitoring\Datasets\Safe_Unsafe\data\1_te3.mp4,1,1,['Unauthorized Intervention'],Unauthorized Intervention,['test'],test,False,1920,1080,24.8,372,15.0,avc1,0,0,0,0,0,0,0,1,train,source_0016,train,372,372,data/1_te3.mp4
ba2395e6da4d61f068092551bb9db2cd8b52d325bdd890edbbef384beb57ecab,1_tr38.mp4,D:\AI_Safety_Monitoring\Datasets\Safe_Unsafe\data\1_tr38.mp4,1,1,['Unauthorized Intervention'],Unauthorized Intervention,['train'],train,False,1920,1080,24.59,271,11.02074,avc1,0,0,0,0,0,0,0,1,train,source_0252,train,271,271,data/1_tr38.mp4
bae0ef03f546ecc05bd9da76cd02b1787945c75922efdd71857adc4b83f1494a,4_tr9.mp4,D:\AI_Safety_Monitoring\Datasets\Safe_Unsafe\data\4_tr9.mp4,1,1,['Safe Walkway'],Safe Walkway,['train'],train,False,1920,1080,24.99,173,6.922769,avc1,0,0,0,0,0,1,0,0,train,source_0524,val,173,173,data/4_tr9.mp4
bb34832745e2eb8d2259323350695495bdf0ef9dd324f5b5751b1fd85778ad3b,6_tr10.mp4,D:\AI_Safety_Monitoring\Datasets\Safe_Unsafe\data\6_tr10.mp4,1,1,['Closed Panel Cover'],Closed Panel Cover,['train'],train,False,1920,1080,25.01,77,3.078768,avc1,0,0,1,0,0,0,0,0,train,source_0574,train,77,77,data/6_tr10.mp4
bb6c5dc11abe221ae3efb3204d96c6336750026a5371f7eded8b651d60b13a54,3_tr32.mp4,D:\AI_Safety_Monitoring\Datasets\Safe_Unsafe\data\3_tr32.mp4,1,1,['Carrying Overload with Forklift'],Carrying Overload with Forklift,['train'],train,False,1920,1080,25.0,125,5.0,avc1,0,1,0,0,0,0,0,0,train,source_0451,train,125,125,data/3_tr32.mp4
bb80aee28fd77103ff3dce48b64c7ee6443339fe1d2a719c888aa17e390b12d8,0_tr137.mp4,D:\AI_Safety_Monitoring\Datasets\Safe_Unsafe\data\0_tr137.mp4,1,1,['Safe Walkway Violation'],Safe Walkway Violation,['train'],train,False,1920,1080,24.97709715708976,261,10.449573,avc1,0,0,0,0,0,0,1,0,train,source_0001,train,261,261,data/0_tr137.mp4
bc311803e21538fd07b4314856d4e63d69771611ffea2097d366749f57213ab8,2_tr115.mp4,D:\AI_Safety_Monitoring\Datasets\Safe_Unsafe\data\2_tr115.mp4,1,1,['Opened Panel Cover'],Opened Panel Cover,['train'],train,False,1920,1080,25.02,201,8.033573,avc1,0,0,0,1,0,0,0,0,val,source_0327,train,201,201,data/2_tr115.mp4
bca8288f5e9806541e854317a5a3559ef805fe22b9123a106714a6de1de2f961,0_tr123.mp4,D:\AI_Safety_Monitoring\Datasets\Safe_Unsafe\data\0_tr123.mp4,3,3,"['Safe Walkway', 'Safe Walkway Violation', 'Unauthorized Intervention']",Safe Walkway | Safe Walkway Violation | Unauthorized Intervention,"['test', 'train']",test | train,True,1920,1080,25.087684115224736,262,10.443371,avc1,0,0,0,0,0,1,1,1,val,source_0014,train,262,262,data/0_tr123.mp4
bd06d9f21da14073aa85f94819fc51090193ac744ed59f10fbc17b93ddd697b5,3_tr21.mp4,D:\AI_Safety_Monitoring\Datasets\Safe_Unsafe\data\3_tr21.mp4,1,1,['Carrying Overload with Forklift'],Carrying Overload with Forklift,['train'],train,False,1920,1080,25.0,200,8.0,avc1,0,1,0,0,0,0,0,0,test,source_0444,train,200,200,data/3_tr21.mp4
bd178f454f749508bccfaedadc5136ec08583a88155a3c3bd91e4234d7559c32,1_tr68.mp4,D:\AI_Safety_Monitoring\Datasets\Safe_Unsafe\data\1_tr68.mp4,1,1,['Unauthorized Intervention'],Unauthorized Intervention,['train'],train,False,1920,1080,24.79,248,10.004034,avc1,0,0,0,0,0,0,0,1,train,source_0277,val,248,248,data/1_tr68.mp4
bd20d1d3bc7f49244151f13e5fbc53e6c775f6e33f7a007f3a8695e8931a6288,0_tr158.mp4,D:\AI_Safety_Monitoring\Datasets\Safe_Unsafe\data\0_tr158.mp4,1,1,['Safe Walkway Violation'],Safe Walkway Violation,['train'],train,False,1920,1080,24.83,297,11.961337,avc1,0,0,0,0,0,0,1,0,train,source_0114,train,297,297,data/0_tr158.mp4
bd55ad4de3455aa764a4dbeae68858ee44a05c81bbf67d38bd78adfbd367128d,0_tr58.mp4,D:\AI_Safety_Monitoring\Datasets\Safe_Unsafe\data\0_tr58.mp4,2,2,"['Safe Walkway Violation', 'Unauthorized Intervention']",Safe Walkway Violation | Unauthorized Intervention,['train'],train,False,1920,1080,24.8,173,6.975806,avc1,0,0,0,0,0,0,1,1,train,source_0178,train,173,173,data/0_tr58.mp4
bd6c10654363213cf226784e4c77a12a09e6834e274c022f52447089e485c629,3_tr22.mp4,D:\AI_Safety_Monitoring\Datasets\Safe_Unsafe\data\3_tr22.mp4,1,1,['Carrying Overload with Forklift'],Carrying Overload with Forklift,['train'],train,False,1920,1080,25.0,175,7.0,avc1,0,1,0,0,0,0,0,0,test,source_0027,val,175,175,data/3_tr22.mp4
bdcd0bf85739152eb68aaae5b673384ff1e201058eae843e2dac975ce2b94595,0_tr3.mp4,D:\AI_Safety_Monitoring\Datasets\Safe_Unsafe\data\0_tr3.mp4,1,1,['Safe Walkway Violation'],Safe Walkway Violation,['train'],train,False,1920,1080,24.83,348,14.015304,avc1,0,0,0,0,0,0,1,0,val,source_0008,train,348,348,data/0_tr3.mp4
be04d7b7664b890026cb54bda78d2d0fb29c613bbe4f730fdca3b834bcd24d19,3_te7.mp4,D:\AI_Safety_Monitoring\Datasets\Safe_Unsafe\data\3_te7.mp4,1,1,['Carrying Overload with Forklift'],Carrying Overload with Forklift,['test'],test,False,1920,1080,25.0,100,4.0,avc1,0,1,0,0,0,0,0,0,train,source_0434,train,100,100,data/3_te7.mp4
bef2f8e75724347735afacc8c23efdc7548d35c4ee137dae5dc3536ffa96f2ef,2_tr28.mp4,D:\AI_Safety_Monitoring\Datasets\Safe_Unsafe\data\2_tr28.mp4,1,1,['Opened Panel Cover'],Opened Panel Cover,['train'],train,False,1920,1080,24.97,100,4.004806,avc1,0,0,0,1,0,0,0,0,train,source_0354,train,100,100,data/2_tr28.mp4
bf43a46cd72a9427d196a3d9b6baa0c57b34056cf46d13cdf3625694cb5c7e82,0_tr62.mp4,D:\AI_Safety_Monitoring\Datasets\Safe_Unsafe\data\0_tr62.mp4,2,2,"['Safe Walkway Violation', 'Unauthorized Intervention']",Safe Walkway Violation | Unauthorized Intervention,['train'],train,False,1920,1080,24.8,173,6.975806,avc1,0,0,0,0,0,0,1,1,val,source_0183,train,173,173,data/0_tr62.mp4
bf843f54d876ee9e93b6af9dd30c2ffba7e5c34202ad0d36d7ae504d0143d6c9,2_tr35.mp4,D:\AI_Safety_Monitoring\Datasets\Safe_Unsafe\data\2_tr35.mp4,1,1,['Opened Panel Cover'],Opened Panel Cover,['train'],train,False,1920,1080,25.08,125,4.984051,avc1,0,0,0,1,0,0,0,0,test,source_0362,val,125,125,data/2_tr35.mp4
bffe666267621f97211aad41a1b539f35495411df179fe83ead6fe8107b3e053,3_te6.mp4,D:\AI_Safety_Monitoring\Datasets\Safe_Unsafe\data\3_te6.mp4,1,1,['Carrying Overload with Forklift'],Carrying Overload with Forklift,['test'],test,False,1920,1080,25.0,125,5.0,avc1,0,1,0,0,0,0,0,0,train,source_0024,train,125,125,data/3_te6.mp4
c021fcc1b21fb6ad7a03d398a0400f6a73cfb6f2bc441e69a9f631cd08743020,0_te17.mp4,D:\AI_Safety_Monitoring\Datasets\Safe_Unsafe\data\0_te17.mp4,1,1,['Safe Walkway Violation'],Safe Walkway Violation,['test'],test,False,1920,1080,24.83,223,8.981071,avc1,0,0,0,0,0,0,1,0,test,source_0036,test,223,223,data/0_te17.mp4
c0246617a2a73a02aadcd67bc6403f34a595a5e15de966850df30753f5e37d69,0_te26.mp4,D:\AI_Safety_Monitoring\Datasets\Safe_Unsafe\data\0_te26.mp4,1,1,['Safe Walkway Violation'],Safe Walkway Violation,['test'],test,False,1920,1080,24.83,297,11.961337,avc1,0,0,0,0,0,0,1,0,test,source_0045,train,297,297,data/0_te26.mp4
c02b67425af75cd0cb964db2223c7a13f8df977a3465bec6d18474daec8f9112,1_tr71.mp4,D:\AI_Safety_Monitoring\Datasets\Safe_Unsafe\data\1_tr71.mp4,1,1,['Unauthorized Intervention'],Unauthorized Intervention,['train'],train,False,1920,1080,24.92,225,9.028892,avc1,0,0,0,0,0,0,0,1,train,source_0280,train,225,225,data/1_tr71.mp4
c0367327dc8e9bc97cee1a6da5de90cb1edc5791aae9eb3d74c60b724a81a3d0,4_te14.mp4,D:\AI_Safety_Monitoring\Datasets\Safe_Unsafe\data\4_te14.mp4,1,1,['Safe Walkway'],Safe Walkway,['test'],test,False,1920,1080,24.83,149,6.000805,avc1,0,0,0,0,0,1,0,0,train,source_0465,train,149,149,data/4_te14.mp4
c063c799a9ae1ec3f8897ea954c06c20d63890e23d664f1e7f201886b5b795b7,2_tr38.mp4,D:\AI_Safety_Monitoring\Datasets\Safe_Unsafe\data\2_tr38.mp4,1,1,['Opened Panel Cover'],Opened Panel Cover,['train'],train,False,1920,1080,25.08,125,4.984051,avc1,0,0,0,1,0,0,0,0,train,source_0365,train,125,125,data/2_tr38.mp4
c0b9a61be9d210991f903cd34cc87012c64e2d5394c68e62b11f40f5d8f3f3d3,4_tr39.mp4,D:\AI_Safety_Monitoring\Datasets\Safe_Unsafe\data\4_tr39.mp4,1,1,['Safe Walkway'],Safe Walkway,['train'],train,False,1920,1080,24.83,302,12.162706,avc1,0,0,0,0,0,1,0,0,train,source_0510,train,302,302,data/4_tr39.mp4
c0bc265f24fc1b970a1cb49f2050ca092857e4f4c987f71d8f717d90bdf455e8,1_te11.mp4,D:\AI_Safety_Monitoring\Datasets\Safe_Unsafe\data\1_te11.mp4,1,1,['Unauthorized Intervention'],Unauthorized Intervention,['test'],test,False,1920,1080,24.79,197,7.946753,avc1,0,0,0,0,0,0,0,1,test,source_0225,test,197,197,data/1_te11.mp4
c0cbd1fe5ed74cd4d56ce9cb116ab883baad0acef18f6fd14d7f81c690541ef1,2_tr37.mp4,D:\AI_Safety_Monitoring\Datasets\Safe_Unsafe\data\2_tr37.mp4,1,1,['Opened Panel Cover'],Opened Panel Cover,['train'],train,False,1920,1080,25.08,125,4.984051,avc1,0,0,0,1,0,0,0,0,val,source_0364,train,125,125,data/2_tr37.mp4
c15f88f78e4f49f63cee5d46d40f64f659fe946eff66534cd2706e9172c820a0,2_tr68.mp4,D:\AI_Safety_Monitoring\Datasets\Safe_Unsafe\data\2_tr68.mp4,1,1,['Opened Panel Cover'],Opened Panel Cover,['train'],train,False,1920,1080,25.05,150,5.988024,avc1,0,0,0,1,0,0,0,0,train,source_0396,train,150,150,data/2_tr68.mp4
c1b2d54e804958c5e851c3a8feb7c1f2cbf75dea8c6f5f85da0c316ff11c5443,2_tr78.mp4,D:\AI_Safety_Monitoring\Datasets\Safe_Unsafe\data\2_tr78.mp4,1,1,['Opened Panel Cover'],Opened Panel Cover,['train'],train,False,1920,1080,25.05,151,6.027944,avc1,0,0,0,1,0,0,0,0,train,source_0407,train,151,151,data/2_tr78.mp4
c1c509c722ede3ba6836632eb618b8fa1917be326f7cc3d68b1f36e933277c9e,4_tr5.mp4,D:\AI_Safety_Monitoring\Datasets\Safe_Unsafe\data\4_tr5.mp4,1,1,['Safe Walkway'],Safe Walkway,['train'],train,False,1920,1080,24.91,104,4.17503,avc1,0,0,0,0,0,1,0,0,test,source_0006,train,104,104,data/4_tr5.mp4
c2c714232f998666ae47b129e666e82000b4245d708418c320258130438c01d6,0_tr133.mp4,D:\AI_Safety_Monitoring\Datasets\Safe_Unsafe\data\0_tr133.mp4,1,1,['Safe Walkway Violation'],Safe Walkway Violation,['train'],train,False,1920,1080,25.078284732798423,262,10.447285,avc1,0,0,0,0,0,0,1,0,train,source_0089,train,262,262,data/0_tr133.mp4
c2f9d739ce5b83b329d980274821e4f24e95bb288df82ee8bd951de69c37273d,0_te28.mp4,D:\AI_Safety_Monitoring\Datasets\Safe_Unsafe\data\0_te28.mp4,1,1,['Safe Walkway Violation'],Safe Walkway Violation,['test'],test,False,1920,1080,24.83,298,12.001611,avc1,0,0,0,0,0,0,1,0,train,source_0047,train,298,298,data/0_te28.mp4
c33a5103766ac79f6a3223b5d785af0ea611565dbe3a902268e36f8145235f89,3_tr37.mp4,D:\AI_Safety_Monitoring\Datasets\Safe_Unsafe\data\3_tr37.mp4,1,1,['Carrying Overload with Forklift'],Carrying Overload with Forklift,['train'],train,False,1920,1080,25.0,100,4.0,avc1,0,1,0,0,0,0,0,0,test,source_0453,train,100,100,data/3_tr37.mp4
c34180f0cdff730d3f744e006d29538eea8d085edd8e4bb269227a0383b48e1d,1_tr62.mp4,D:\AI_Safety_Monitoring\Datasets\Safe_Unsafe\data\1_tr62.mp4,1,1,['Unauthorized Intervention'],Unauthorized Intervention,['train'],train,False,1920,1080,22.75074172392255,237,10.417243,avc1,0,0,0,0,0,0,0,1,train,source_0271,train,237,237,data/1_tr62.mp4
c3c42ab0447e618f126743380ef67cb2dbc8a5a8a563f4a58c911c4d2333d055,7_tr6.mp4,D:\AI_Safety_Monitoring\Datasets\Safe_Unsafe\data\7_tr6.mp4,1,1,['Safe Carrying'],Safe Carrying,['train'],train,False,1920,1080,25.035360678925034,177,7.07,avc1,0,0,0,0,1,0,0,0,train,source_0609,train,177,177,data/7_tr6.mp4
c4fac5a4a1d43b197e398260f0c1d508628ba0a210bf64ccd19d34aac4d43799,6_tr2.mp4,D:\AI_Safety_Monitoring\Datasets\Safe_Unsafe\data\6_tr2.mp4,1,1,['Closed Panel Cover'],Closed Panel Cover,['train'],train,False,1920,1080,24.11,126,5.226047,avc1,0,0,1,0,0,0,0,0,test,source_0584,val,126,126,data/6_tr2.mp4
c55825b60f053e8d1599eb3ca331ceec3532aa872bacf760a29cef8f8538a808,4_te24.mp4,D:\AI_Safety_Monitoring\Datasets\Safe_Unsafe\data\4_te24.mp4,1,1,['Safe Walkway'],Safe Walkway,['test'],test,False,1920,1080,25.11,327,13.0227,avc1,0,0,0,0,0,1,0,0,test,source_0474,val,327,327,data/4_te24.mp4
c5ac6cbbddcb1373a5fbcffeff4f581b12125ab410427d1fdc71fe8c44bd4e80,4_tr29.mp4,D:\AI_Safety_Monitoring\Datasets\Safe_Unsafe\data\4_tr29.mp4,1,1,['Safe Walkway'],Safe Walkway,['train'],train,False,1920,1080,24.83,249,10.028192,avc1,0,0,0,0,0,1,0,0,val,source_0500,train,249,249,data/4_tr29.mp4
c5f6ab14bcd1f28d9083f885fca84437a6c9f28a66e47986e5753cdf8c1ceab0,2_tr10.mp4,D:\AI_Safety_Monitoring\Datasets\Safe_Unsafe\data\2_tr10.mp4,1,1,['Opened Panel Cover'],Opened Panel Cover,['train'],train,False,1920,1080,25.02,100,3.996803,avc1,0,0,0,1,0,0,0,0,train,source_0313,train,100,100,data/2_tr10.mp4
c64a95fc3d28088056ce393d9df61da82f85a1f2621e2907e6a67144fca4a1dc,2_tr29.mp4,D:\AI_Safety_Monitoring\Datasets\Safe_Unsafe\data\2_tr29.mp4,1,1,['Opened Panel Cover'],Opened Panel Cover,['train'],train,False,1920,1080,25.05,101,4.031936,avc1,0,0,0,1,0,0,0,0,train,source_0355,train,101,101,data/2_tr29.mp4
c686dd4787b819a6ee259efd1722112e6509b4e1270cb7563e8587e15f62fdb3,7_tr15.mp4,D:\AI_Safety_Monitoring\Datasets\Safe_Unsafe\data\7_tr15.mp4,1,1,['Safe Carrying'],Safe Carrying,['train'],train,False,1920,1080,24.58174834730584,52,2.115391,avc1,0,0,0,0,1,0,0,0,train,source_0601,train,52,52,data/7_tr15.mp4
c762143bdd15baf3afc92511e6bf299322f32bb6c4c9593e68db99fc506e7533,6_tr18.mp4,D:\AI_Safety_Monitoring\Datasets\Safe_Unsafe\data\6_tr18.mp4,1,1,['Closed Panel Cover'],Closed Panel Cover,['train'],train,False,1920,1080,24.92,201,8.065811,avc1,0,0,1,0,0,0,0,0,train,source_0582,train,201,201,data/6_tr18.mp4
c77548b36ed5d381832edec4bd96b7092b770302bcc6eae1f2ed77f2153dbbe4,1_tr59.mp4,D:\AI_Safety_Monitoring\Datasets\Safe_Unsafe\data\1_tr59.mp4,1,1,['Unauthorized Intervention'],Unauthorized Intervention,['train'],train,False,1920,1080,24.84153250577761,259,10.426088,avc1,0,0,0,0,0,0,0,1,train,source_0268,train,259,259,data/1_tr59.mp4
c77d0e3c3a0cf31cffd83f870b129d78c127539fa803181ba5e1ac0e9755dda4,5_te9.mp4,D:\AI_Safety_Monitoring\Datasets\Safe_Unsafe\data\5_te9.mp4,1,1,['Authorized Intervention'],Authorized Intervention,['test'],test,False,1920,1080,24.95,125,5.01002,avc1,1,0,0,0,0,0,0,0,train,source_0538,train,125,125,data/5_te9.mp4
c8638b0ce9446bd3357b14c40a51143f76c9636922eb15dd510a8e214516144b,1_tr65.mp4,D:\AI_Safety_Monitoring\Datasets\Safe_Unsafe\data\1_tr65.mp4,1,1,['Unauthorized Intervention'],Unauthorized Intervention,['train'],train,False,1920,1080,24.96787924940933,260,10.413379,avc1,0,0,0,0,0,0,0,1,val,source_0274,train,260,260,data/1_tr65.mp4
c89c6b373a3e4cb6cc3652cc7c5a7cd24ae52218ffca751eccfcae13e145609c,1_tr2.mp4,D:\AI_Safety_Monitoring\Datasets\Safe_Unsafe\data\1_tr2.mp4,1,1,['Unauthorized Intervention'],Unauthorized Intervention,['train'],train,False,1920,1080,24.8,173,6.975806,avc1,0,0,0,0,0,0,0,1,train,source_0235,train,173,173,data/1_tr2.mp4
c8e61b5634536a5f498c5c9a9246bf6ebc1e4bda37bfd79564b4e45766d061f2,3_tr42.mp4,D:\AI_Safety_Monitoring\Datasets\Safe_Unsafe\data\3_tr42.mp4,1,1,['Carrying Overload with Forklift'],Carrying Overload with Forklift,['train'],train,False,1920,1080,25.0,100,4.0,avc1,0,1,0,0,0,0,0,0,test,source_0000,val,100,100,data/3_tr42.mp4
c90f3d1e1d4985dfe1f1290bec0f5e95b7b2d06a10d7bbaa906eac26bb09813c,2_tr60.mp4,D:\AI_Safety_Monitoring\Datasets\Safe_Unsafe\data\2_tr60.mp4,1,1,['Opened Panel Cover'],Opened Panel Cover,['train'],train,False,1920,1080,25.08,126,5.023923,avc1,0,0,0,1,0,0,0,0,train,source_0388,train,126,126,data/2_tr60.mp4
c93b9abf7e03ec6bf0f2320072c39b5a6db83746f61abd47bc785d6f3ccb3251,6_tr16.mp4,D:\AI_Safety_Monitoring\Datasets\Safe_Unsafe\data\6_tr16.mp4,1,1,['Closed Panel Cover'],Closed Panel Cover,['train'],train,False,1920,1080,24.87426017517496,260,10.452572,avc1,0,0,1,0,0,0,0,0,train,source_0580,val,260,260,data/6_tr16.mp4
c954bceb15aba1d268f79f86877b0544d1026d7733286122782e0f0e8f55a6a6,2_tr54.mp4,D:\AI_Safety_Monitoring\Datasets\Safe_Unsafe\data\2_tr54.mp4,1,1,['Opened Panel Cover'],Opened Panel Cover,['train'],train,False,1920,1080,25.08,126,5.023923,avc1,0,0,0,1,0,0,0,0,test,source_0382,train,126,126,data/2_tr54.mp4
c9e9937a2e123885b535ccd99fb7a28f89ab29f55708f1ec3683fa0425e22cb7,4_tr15.mp4,D:\AI_Safety_Monitoring\Datasets\Safe_Unsafe\data\4_tr15.mp4,1,1,['Safe Walkway'],Safe Walkway,['train'],train,False,1920,1080,25.07267287719213,262,10.449624,avc1,0,0,0,0,0,1,0,0,test,source_0028,val,262,262,data/4_tr15.mp4
ca44e8d9e6ea6d0ab73ae1f0cf61e020c160e0cd2ca5531284a3783eb67b5f2f,0_tr50.mp4,D:\AI_Safety_Monitoring\Datasets\Safe_Unsafe\data\0_tr50.mp4,1,1,['Safe Walkway Violation'],Safe Walkway Violation,['train'],train,False,1920,1080,24.8,173,6.975806,avc1,0,0,0,0,0,0,1,0,train,source_0170,val,173,173,data/0_tr50.mp4
ca510813702a866a2bdb9f8c27087ff3c76c911455fe61ba70e70dcbde6da71d,2_tr75.mp4,D:\AI_Safety_Monitoring\Datasets\Safe_Unsafe\data\2_tr75.mp4,1,1,['Opened Panel Cover'],Opened Panel Cover,['train'],train,False,1920,1080,25.05,151,6.027944,avc1,0,0,0,1,0,0,0,0,train,source_0404,train,151,151,data/2_tr75.mp4
ca95bc424f001682633767bc986c2636e84f46a3ebbd8d6972dc6107bce02113,0_tr105.mp4,D:\AI_Safety_Monitoring\Datasets\Safe_Unsafe\data\0_tr105.mp4,1,1,['Safe Walkway Violation'],Safe Walkway Violation,['train'],train,False,1920,1080,24.83,199,8.014499,avc1,0,0,0,0,0,0,1,0,test,source_0063,train,199,199,data/0_tr105.mp4
caa1887e4ae637ec9a55255126e1cddd3a979e46d265551ddc1ae7fa633fe596,5_te10.mp4,D:\AI_Safety_Monitoring\Datasets\Safe_Unsafe\data\5_te10.mp4,1,1,['Authorized Intervention'],Authorized Intervention,['test'],test,False,1920,1080,24.95,124,4.96994,avc1,1,0,0,0,0,0,0,0,train,source_0526,train,124,124,data/5_te10.mp4
cb204f2c221eb760997e57c9e82cdaa4f37a84897072ab31df56ef4ccb20c066,0_tr103.mp4,D:\AI_Safety_Monitoring\Datasets\Safe_Unsafe\data\0_tr103.mp4,1,1,['Safe Walkway Violation'],Safe Walkway Violation,['train'],train,False,1920,1080,24.83,199,8.014499,avc1,0,0,0,0,0,0,1,0,train,source_0011,train,199,199,data/0_tr103.mp4
cb37dab2a913aa3fa1a8c002ddeda85a6558c35176c6223bbe355ba79034d84b,3_tr6.mp4,D:\AI_Safety_Monitoring\Datasets\Safe_Unsafe\data\3_tr6.mp4,1,1,['Carrying Overload with Forklift'],Carrying Overload with Forklift,['train'],train,False,1920,1080,25.0,275,11.0,avc1,0,1,0,0,0,0,0,0,train,source_0002,train,275,275,data/3_tr6.mp4
cbea184b811ba3cf2cc4bf60c713e110e7d65de03495f33fde533bba803c428d,1_tr49.mp4,D:\AI_Safety_Monitoring\Datasets\Safe_Unsafe\data\1_tr49.mp4,1,1,['Unauthorized Intervention'],Unauthorized Intervention,['train'],train,False,1920,1080,24.79,272,10.972166,avc1,0,0,0,0,0,0,0,1,train,source_0261,test,272,272,data/1_tr49.mp4
cbfc38048157da25dd79e11e3f1c84b64786231c5e591b1c2a28d1f9fef4e48b,0_tr28.mp4,D:\AI_Safety_Monitoring\Datasets\Safe_Unsafe\data\0_tr28.mp4,1,1,['Safe Walkway Violation'],Safe Walkway Violation,['train'],train,False,1920,1080,24.83,125,5.034233,avc1,0,0,0,0,0,0,1,0,val,source_0147,test,125,125,data/0_tr28.mp4
cc58b735cefba1e0356ae02e15febc90fb06cd91d6ff149389dc1719d1fac793,0_tr84.mp4,D:\AI_Safety_Monitoring\Datasets\Safe_Unsafe\data\0_tr84.mp4,1,1,['Safe Walkway Violation'],Safe Walkway Violation,['train'],train,False,1920,1080,24.8,174,7.016129,avc1,0,0,0,0,0,0,1,0,train,source_0207,test,174,174,data/0_tr84.mp4
ccb8ffba002d99848db962d46c3e5753459feeef6eae9ed31d57dd6f3190e267,0_te2.mp4,D:\AI_Safety_Monitoring\Datasets\Safe_Unsafe\data\0_te2.mp4,1,1,['Safe Walkway Violation'],Safe Walkway Violation,['test'],test,False,1920,1080,24.83,372,14.981877,avc1,0,0,0,0,0,0,1,0,train,source_0039,train,372,372,data/0_te2.mp4
cdf56da65be81396e6dcdf3aeea3a143a1af4945de35326a19f530bb18184e4d,0_tr162.mp4,D:\AI_Safety_Monitoring\Datasets\Safe_Unsafe\data\0_tr162.mp4,1,1,['Safe Walkway Violation'],Safe Walkway Violation,['train'],train,False,1920,1080,24.83,298,12.001611,avc1,0,0,0,0,0,0,1,0,val,source_0119,train,298,298,data/0_tr162.mp4
ced7af4413bea85923ff122547dc6d70936837af6b524107ff902462f5c6d2e9,5_tr7.mp4,D:\AI_Safety_Monitoring\Datasets\Safe_Unsafe\data\5_tr7.mp4,1,1,['Authorized Intervention'],Authorized Intervention,['train'],train,False,1920,1080,25.08,201,8.014354,avc1,1,0,0,0,0,0,0,0,test,source_0558,train,201,201,data/5_tr7.mp4
cf3a7d38c583380c3d4fd9a0ea0fc46bd057e3e952ccb590daa3347f5a950e55,0_tr140.mp4,D:\AI_Safety_Monitoring\Datasets\Safe_Unsafe\data\0_tr140.mp4,1,1,['Safe Walkway Violation'],Safe Walkway Violation,['train'],train,False,1920,1080,25.070965419619707,262,10.450336,avc1,0,0,0,0,0,0,1,0,train,source_0096,test,262,262,data/0_tr140.mp4
cf7ac1e2e7a614166ddc904821eaa68d5cb889cfeee5a6e4a2b0a276649b7dd6,6_tr17.mp4,D:\AI_Safety_Monitoring\Datasets\Safe_Unsafe\data\6_tr17.mp4,1,1,['Closed Panel Cover'],Closed Panel Cover,['train'],train,False,1920,1080,25.000569700688025,261,10.439762,avc1,0,0,1,0,0,0,0,0,val,source_0581,train,261,261,data/6_tr17.mp4
cfb400d1f619338394c2725befb8aef961024cd4cd56cdf30912ddb332e90612,0_tr151.mp4,D:\AI_Safety_Monitoring\Datasets\Safe_Unsafe\data\0_tr151.mp4,1,1,['Safe Walkway Violation'],Safe Walkway Violation,['train'],train,False,1920,1080,24.83,297,11.961337,avc1,0,0,0,0,0,0,1,0,train,source_0107,val,297,297,data/0_tr151.mp4
cfd70074080f4e4491ff1821d09d13c239dc53ba7de81de0e32762f081cf3abf,0_tr57.mp4,D:\AI_Safety_Monitoring\Datasets\Safe_Unsafe\data\0_tr57.mp4,1,1,['Safe Walkway Violation'],Safe Walkway Violation,['train'],train,False,1920,1080,24.8,173,6.975806,avc1,0,0,0,0,0,0,1,0,train,source_0177,train,173,173,data/0_tr57.mp4
cfdeeb3aef32e001de3dc7481c8904c6ad424917c3488a6bdf40314e692d3cf9,2_tr57.mp4,D:\AI_Safety_Monitoring\Datasets\Safe_Unsafe\data\2_tr57.mp4,1,1,['Opened Panel Cover'],Opened Panel Cover,['train'],train,False,1920,1080,25.08,126,5.023923,avc1,0,0,0,1,0,0,0,0,train,source_0385,test,126,126,data/2_tr57.mp4
d0433f2c8df627a4e0df31b5794ac70a738ea3fb676aae54b2a351abfdaa34fb,2_tr112.mp4,D:\AI_Safety_Monitoring\Datasets\Safe_Unsafe\data\2_tr112.mp4,1,1,['Opened Panel Cover'],Opened Panel Cover,['train'],train,False,1920,1080,25.02,200,7.993605,avc1,0,0,0,1,0,0,0,0,train,source_0324,test,200,200,data/2_tr112.mp4
d046578a0ba159f13081199425836c08c16ff4479a7b98e4a27a08dd5aa0cb5f,2_te3.mp4,D:\AI_Safety_Monitoring\Datasets\Safe_Unsafe\data\2_te3.mp4,1,1,['Opened Panel Cover'],Opened Panel Cover,['test'],test,False,1920,1080,25.02,125,4.996003,avc1,0,0,0,1,0,0,0,0,test,source_0306,test,125,125,data/2_te3.mp4
d05072867cffb8660ca2a3c401505e0355362818cbd6b9b417cf27af85ec47f3,3_tr31.mp4,D:\AI_Safety_Monitoring\Datasets\Safe_Unsafe\data\3_tr31.mp4,1,1,['Carrying Overload with Forklift'],Carrying Overload with Forklift,['train'],train,False,1920,1080,25.0,125,5.0,avc1,0,1,0,0,0,0,0,0,train,source_0450,train,125,125,data/3_tr31.mp4
d1efaaa8ddead41cad224c67cd76c76aa9a848cfda3839bbdb3f27ad4b72b4e5,2_tr127.mp4,D:\AI_Safety_Monitoring\Datasets\Safe_Unsafe\data\2_tr127.mp4,1,1,['Opened Panel Cover'],Opened Panel Cover,['train'],train,False,1920,1080,25.0,64,2.56,avc1,0,0,0,1,0,0,0,0,train,source_0335,val,64,64,data/2_tr127.mp4
d2616fdeab890c84ea89f7b57a972fb386d05eb7493ae389e1b2fc8302f804a1,0_tr154.mp4,D:\AI_Safety_Monitoring\Datasets\Safe_Unsafe\data\0_tr154.mp4,1,1,['Safe Walkway Violation'],Safe Walkway Violation,['train'],train,False,1920,1080,24.83,297,11.961337,avc1,0,0,0,0,0,0,1,0,test,source_0110,train,297,297,data/0_tr154.mp4
d282072e9ab19f59ed4a74003e2dc4d9bd4e4920bb6ec93474c6e8dec9a046c0,4_te21.mp4,D:\AI_Safety_Monitoring\Datasets\Safe_Unsafe\data\4_te21.mp4,1,1,['Safe Walkway'],Safe Walkway,['test'],test,False,1920,1080,24.97,209,8.370044,avc1,0,0,0,0,0,1,0,0,train,source_0471,train,209,209,data/4_te21.mp4
d348124e4deae6202fdd57ffd2d29e0bf6c1475ec45de73fa4d5159c550c33d4,1_tr61.mp4,D:\AI_Safety_Monitoring\Datasets\Safe_Unsafe\data\1_tr61.mp4,1,1,['Unauthorized Intervention'],Unauthorized Intervention,['train'],train,False,1920,1080,25.05339175750715,261,10.417751,avc1,0,0,0,0,0,0,0,1,train,source_0270,val,261,261,data/1_tr61.mp4
d38467e3cc87a6f71db4b78cd2e5c3a53556b30bcee6894441f901847b7ed796,2_tr116.mp4,D:\AI_Safety_Monitoring\Datasets\Safe_Unsafe\data\2_tr116.mp4,1,1,['Opened Panel Cover'],Opened Panel Cover,['train'],train,False,1920,1080,24.99,208,8.323329,avc1,0,0,0,1,0,0,0,0,train,source_0328,train,208,208,data/2_tr116.mp4
d38727490e61683d42776e85e4c3963cdfc721e182c7ceb0100bbf48d6d0fd28,2_tr101.mp4,D:\AI_Safety_Monitoring\Datasets\Safe_Unsafe\data\2_tr101.mp4,1,1,['Opened Panel Cover'],Opened Panel Cover,['train'],train,False,1920,1080,25.0,175,7.0,avc1,0,0,0,1,0,0,0,0,test,source_0314,train,175,175,data/2_tr101.mp4
d415c9b21dc02d55daf352bfd0a3434fc59d5bef1d2647669f089f7374d91d6d,2_te1.mp4,D:\AI_Safety_Monitoring\Datasets\Safe_Unsafe\data\2_te1.mp4,1,1,['Opened Panel Cover'],Opened Panel Cover,['test'],test,False,1920,1080,25.05,93,3.712575,avc1,0,0,0,1,0,0,0,0,train,source_0300,test,93,93,data/2_te1.mp4
d41907f5de114dc6c7af495e101d0b29a917f843d3a609b1b91f237d7089d595,2_te12.mp4,D:\AI_Safety_Monitoring\Datasets\Safe_Unsafe\data\2_te12.mp4,1,1,['Opened Panel Cover'],Opened Panel Cover,['test'],test,False,1920,1080,25.060484185864897,261,10.414803,avc1,0,0,0,1,0,0,0,0,test,source_0303,test,261,261,data/2_te12.mp4
d427b5aebbdbffe80f5c88761e4acf3c8587f1eb4a862a46d131b7cbba0e9553,2_tr87.mp4,D:\AI_Safety_Monitoring\Datasets\Safe_Unsafe\data\2_tr87.mp4,1,1,['Opened Panel Cover'],Opened Panel Cover,['train'],train,False,1920,1080,24.92,173,6.942215,avc1,0,0,0,1,0,0,0,0,train,source_0417,train,173,173,data/2_tr87.mp4
d42c3ac9ed7b3dc9d1d7e6f0828e80fd52c73a0b5ccf1446ce2ac700d19a4efc,0_te29.mp4,D:\AI_Safety_Monitoring\Datasets\Safe_Unsafe\data\0_te29.mp4,1,1,['Safe Walkway Violation'],Safe Walkway Violation,['test'],test,False,1920,1080,24.83,322,12.968184,avc1,0,0,0,0,0,0,1,0,test,source_0048,val,322,322,data/0_te29.mp4
d4984634e06839d859c1fbdefd0af2fb93e9a3c45ecc23b99c67d7a0f0422e9e,2_tr20.mp4,D:\AI_Safety_Monitoring\Datasets\Safe_Unsafe\data\2_tr20.mp4,1,1,['Opened Panel Cover'],Opened Panel Cover,['train'],train,False,1920,1080,25.0,100,4.0,avc1,0,0,0,1,0,0,0,0,train,source_0346,train,100,100,data/2_tr20.mp4
d50eb905b6c4c7819ef462287ec796f440ee2147b874498b00952d9433037cb3,2_tr7.mp4,D:\AI_Safety_Monitoring\Datasets\Safe_Unsafe\data\2_tr7.mp4,1,1,['Opened Panel Cover'],Opened Panel Cover,['train'],train,False,1920,1080,25.02,100,3.996803,avc1,0,0,0,1,0,0,0,0,train,source_0398,test,100,100,data/2_tr7.mp4
d59d44cd54503a54291b0c1bf86baca8ff172aee239b75bd15f95d12c497fbb6,0_tr32.mp4,D:\AI_Safety_Monitoring\Datasets\Safe_Unsafe\data\0_tr32.mp4,1,1,['Safe Walkway Violation'],Safe Walkway Violation,['train'],train,False,1920,1080,24.83,125,5.034233,avc1,0,0,0,0,0,0,1,0,train,source_0151,test,125,125,data/0_tr32.mp4
d5dc78f9c5d432d689fa3a6e73202ceadd6b359ffdcd8717d5913d6b8a4ce1ab,0_tr43.mp4,D:\AI_Safety_Monitoring\Datasets\Safe_Unsafe\data\0_tr43.mp4,1,1,['Safe Walkway Violation'],Safe Walkway Violation,['train'],train,False,1920,1080,24.83,125,5.034233,avc1,0,0,0,0,0,0,1,0,train,source_0162,val,125,125,data/0_tr43.mp4
d6590425f1cf2571b9a145f5bb6ae54af6d78fcc5fb77434f01c4d0f016afdb5,0_te21.mp4,D:\AI_Safety_Monitoring\Datasets\Safe_Unsafe\data\0_te21.mp4,1,1,['Safe Walkway Violation'],Safe Walkway Violation,['test'],test,False,1920,1080,24.112064437051306,252,10.4512,avc1,0,0,0,0,0,0,1,0,train,source_0041,train,252,252,data/0_te21.mp4
d7300c25b565adc28ebd69d055fe7062fab7045a658fca4010e353d07afb6887,0_tr35.mp4,D:\AI_Safety_Monitoring\Datasets\Safe_Unsafe\data\0_tr35.mp4,1,1,['Safe Walkway Violation'],Safe Walkway Violation,['train'],train,False,1920,1080,24.83,125,5.034233,avc1,0,0,0,0,0,0,1,0,train,source_0154,val,125,125,data/0_tr35.mp4
d7a1069288fe03631fea5de01245e4bbf439da83de9d95e12e04f4b372cdd31b,5_tr23.mp4,D:\AI_Safety_Monitoring\Datasets\Safe_Unsafe\data\5_tr23.mp4,1,1,['Authorized Intervention'],Authorized Intervention,['train'],train,False,1920,1080,24.92,349,14.004815,avc1,1,0,0,0,0,0,0,0,train,source_0553,train,349,349,data/5_tr23.mp4
d80a7143104dcce23c1c1c9cd6ec881cebcafd0c07173dd290945ef51a53d5eb,4_tr1.mp4,D:\AI_Safety_Monitoring\Datasets\Safe_Unsafe\data\4_tr1.mp4,1,1,['Safe Walkway'],Safe Walkway,['train'],train,False,1920,1080,24.99,315,12.605042,avc1,0,0,0,0,0,1,0,0,train,source_0480,train,315,315,data/4_tr1.mp4
d849da5b21e9b71c18f082266604e674e7e57b27fa94a63a4030d14ebdff5f3b,1_tr35.mp4,D:\AI_Safety_Monitoring\Datasets\Safe_Unsafe\data\1_tr35.mp4,1,1,['Unauthorized Intervention'],Unauthorized Intervention,['train'],train,False,1920,1080,24.79,322,12.989109,avc1,0,0,0,0,0,0,0,1,train,source_0249,train,322,322,data/1_tr35.mp4
d8b25240aadc08b09529f227e3338f0661c4cf53c7da6b597da84ec04781ee86,0_tr119.mp4,D:\AI_Safety_Monitoring\Datasets\Safe_Unsafe\data\0_tr119.mp4,1,1,['Safe Walkway Violation'],Safe Walkway Violation,['train'],train,False,1920,1080,24.83,224,9.021345,avc1,0,0,0,0,0,0,1,0,train,source_0012,test,224,224,data/0_tr119.mp4
d8ee1c5093f04c68f54d6c934ee0b19c4f46957fff50f740c0a689eecf505709,2_tr104.mp4,D:\AI_Safety_Monitoring\Datasets\Safe_Unsafe\data\2_tr104.mp4,1,1,['Opened Panel Cover'],Opened Panel Cover,['train'],train,False,1920,1080,25.0,175,7.0,avc1,0,0,0,1,0,0,0,0,val,source_0316,val,175,175,data/2_tr104.mp4
d9544bf263460e844a736b679a67b3ee4d4bc71e4d76a306955217dd99df86a7,0_tr139.mp4,D:\AI_Safety_Monitoring\Datasets\Safe_Unsafe\data\0_tr139.mp4,1,1,['Safe Walkway Violation'],Safe Walkway Violation,['train'],train,False,1920,1080,24.879826050579588,260,10.450234,avc1,0,0,0,0,0,0,1,0,train,source_0094,train,260,260,data/0_tr139.mp4
d99184fd5b7e3430bf31a31e3080a843e03dbdd4625828c81ffef97417a9a6b6,7_te1.mp4,D:\AI_Safety_Monitoring\Datasets\Safe_Unsafe\data\7_te1.mp4,1,1,['Safe Carrying'],Safe Carrying,['test'],test,False,1920,1080,24.86309713244735,177,7.118984,avc1,0,0,0,0,1,0,0,0,train,source_0004,train,177,177,data/7_te1.mp4
d9e0aecfa1615769477b5a8c605f290185ab740f208a2fead010d95b925d7388,1_tr72.mp4,D:\AI_Safety_Monitoring\Datasets\Safe_Unsafe\data\1_tr72.mp4,1,1,['Unauthorized Intervention'],Unauthorized Intervention,['train'],train,False,1920,1080,24.92,225,9.028892,avc1,0,0,0,0,0,0,0,1,train,source_0281,train,225,225,data/1_tr72.mp4
da21526748af1553b92724c84431671f7eb80af847118d4b37a9d4721fb7a37f,0_te27.mp4,D:\AI_Safety_Monitoring\Datasets\Safe_Unsafe\data\0_te27.mp4,1,1,['Safe Walkway Violation'],Safe Walkway Violation,['test'],test,False,1920,1080,24.83,298,12.001611,avc1,0,0,0,0,0,0,1,0,test,source_0046,train,298,298,data/0_te27.mp4
da513d554d8ab98b4067b24f2536d88cfde48389a3f83c2ffdc848e04710d46d,2_tr105.mp4,D:\AI_Safety_Monitoring\Datasets\Safe_Unsafe\data\2_tr105.mp4,1,1,['Opened Panel Cover'],Opened Panel Cover,['train'],train,False,1920,1080,25.0,175,7.0,avc1,0,0,0,1,0,0,0,0,train,source_0001,train,175,175,data/2_tr105.mp4
da853813f5aebbb5500dfc4bf952346055a2970ffcddcd93c4ac4749e3be634f,1_tr9.mp4,D:\AI_Safety_Monitoring\Datasets\Safe_Unsafe\data\1_tr9.mp4,1,1,['Unauthorized Intervention'],Unauthorized Intervention,['train'],train,False,1920,1080,24.8,173,6.975806,avc1,0,0,0,0,0,0,0,1,val,source_0294,val,173,173,data/1_tr9.mp4
da96f7fdaa31b14548e3fadd6eb7a1a6b7355d350be09d2a7c728112e708607b,2_tr76.mp4,D:\AI_Safety_Monitoring\Datasets\Safe_Unsafe\data\2_tr76.mp4,1,1,['Opened Panel Cover'],Opened Panel Cover,['train'],train,False,1920,1080,25.05,151,6.027944,avc1,0,0,0,1,0,0,0,0,train,source_0405,val,151,151,data/2_tr76.mp4
db1d70c87cb056899728a4591074b3b21915977e72225c7f267fd2175c8c736e,0_tr110.mp4,D:\AI_Safety_Monitoring\Datasets\Safe_Unsafe\data\0_tr110.mp4,1,1,['Safe Walkway Violation'],Safe Walkway Violation,['train'],train,False,1920,1080,24.83,224,9.021345,avc1,0,0,0,0,0,0,1,0,train,source_0068,train,224,224,data/0_tr110.mp4
db511dd922e9c6550120dbd6c2bf924d7d4a3910226182f7f902fae570c495ba,0_tr61.mp4,D:\AI_Safety_Monitoring\Datasets\Safe_Unsafe\data\0_tr61.mp4,2,2,"['Safe Walkway Violation', 'Unauthorized Intervention']",Safe Walkway Violation | Unauthorized Intervention,['train'],train,False,1920,1080,24.8,173,6.975806,avc1,0,0,0,0,0,0,1,1,val,source_0182,train,173,173,data/0_tr61.mp4
db93454e624fb567b4e2db750661a7285721052ba812dd2df98fcd81176b381d,0_tr106.mp4,D:\AI_Safety_Monitoring\Datasets\Safe_Unsafe\data\0_tr106.mp4,1,1,['Safe Walkway Violation'],Safe Walkway Violation,['train'],train,False,1920,1080,24.83,223,8.981071,avc1,0,0,0,0,0,0,1,0,train,source_0064,val,223,223,data/0_tr106.mp4
dbcccdf20d432241fd851efe8dc6baa04f4b70c0ed1102989fa98bc4b934b488,6_te3.mp4,D:\AI_Safety_Monitoring\Datasets\Safe_Unsafe\data\6_te3.mp4,1,1,['Closed Panel Cover'],Closed Panel Cover,['test'],test,False,1920,1080,24.92,100,4.012841,avc1,0,0,1,0,0,0,0,0,test,source_0566,train,100,100,data/6_te3.mp4
dbd329b896cc7869440cc1a0c4bdd51f8df0458625c71dc51a42a52a6282b09c,2_tr106.mp4,D:\AI_Safety_Monitoring\Datasets\Safe_Unsafe\data\2_tr106.mp4,1,1,['Opened Panel Cover'],Opened Panel Cover,['train'],train,False,1920,1080,25.0,175,7.0,avc1,0,0,0,1,0,0,0,0,train,source_0317,train,175,175,data/2_tr106.mp4
dc2c270536353ee21882458b744ceb34636f545ec474e4a917e0d1c1624c072a,7_tr2.mp4,D:\AI_Safety_Monitoring\Datasets\Safe_Unsafe\data\7_tr2.mp4,1,1,['Safe Carrying'],Safe Carrying,['train'],train,False,1920,1080,24.920798927476586,228,9.148984,avc1,0,0,0,0,1,0,0,0,test,source_0002,train,228,228,data/7_tr2.mp4
dc6c421853a12624afd284f847947dee5a93232bb1ea1f7488af9e3509d902bc,4_te11.mp4,D:\AI_Safety_Monitoring\Datasets\Safe_Unsafe\data\4_te11.mp4,1,1,['Safe Walkway'],Safe Walkway,['test'],test,False,1920,1080,24.83,298,12.001611,avc1,0,0,0,0,0,1,0,0,train,source_0462,train,298,298,data/4_te11.mp4
dc8d8071c14a9ca8652b6f692000871e0bcd508ca4d03338e18bf837cea3fbfe,5_tr1.mp4,D:\AI_Safety_Monitoring\Datasets\Safe_Unsafe\data\5_tr1.mp4,1,1,['Authorized Intervention'],Authorized Intervention,['train'],train,False,1920,1080,25.05,174,6.946108,avc1,1,0,0,0,0,0,0,0,val,source_0539,test,174,174,data/5_tr1.mp4
dcb308618ceec067a3e354af4a6bbecd6b0a185850d11d46ec554ddfd47b9acb,0_tr160.mp4,D:\AI_Safety_Monitoring\Datasets\Safe_Unsafe\data\0_tr160.mp4,1,1,['Safe Walkway Violation'],Safe Walkway Violation,['train'],train,False,1920,1080,24.83,298,12.001611,avc1,0,0,0,0,0,0,1,0,train,source_0117,train,298,298,data/0_tr160.mp4
dccf83f75e0caff79c3ecd2493288bd45f100ef29070ba844b73cbaf963da6ca,6_tr15.mp4,D:\AI_Safety_Monitoring\Datasets\Safe_Unsafe\data\6_tr15.mp4,1,1,['Closed Panel Cover'],Closed Panel Cover,['train'],train,False,1920,1080,25.11,35,1.393867,avc1,0,0,1,0,0,0,0,0,train,source_0579,train,35,35,data/6_tr15.mp4
de0d97f32229b3b8a709bae71911c0b11dc6bcc0d18d04c207e78b2c0396386a,0_tr82.mp4,D:\AI_Safety_Monitoring\Datasets\Safe_Unsafe\data\0_tr82.mp4,1,1,['Safe Walkway Violation'],Safe Walkway Violation,['train'],train,False,1920,1080,24.8,174,7.016129,avc1,0,0,0,0,0,0,1,0,train,source_0205,val,174,174,data/0_tr82.mp4
de19a83adfb806527249c96f5bf3962b5952bfb0ed61535a61cf9c4dacb3b8de,2_tr47.mp4,D:\AI_Safety_Monitoring\Datasets\Safe_Unsafe\data\2_tr47.mp4,1,1,['Opened Panel Cover'],Opened Panel Cover,['train'],train,False,1920,1080,25.09,126,5.021921,avc1,0,0,0,1,0,0,0,0,train,source_0374,train,126,126,data/2_tr47.mp4
de8645c347843669a7e9cb6ffb78004531f346d87dc2d86dcac39fa08209a619,0_tr15.mp4,D:\AI_Safety_Monitoring\Datasets\Safe_Unsafe\data\0_tr15.mp4,1,1,['Safe Walkway Violation'],Safe Walkway Violation,['train'],train,False,1920,1080,24.8,421,16.975806,avc1,0,0,0,0,0,0,1,0,test,source_0106,train,421,421,data/0_tr15.mp4
de9bee29b7c8d0f59f818e37c63f5f13db7e1b3d0da91a84aceea4a51266c37e,0_te1.mp4,D:\AI_Safety_Monitoring\Datasets\Safe_Unsafe\data\0_te1.mp4,1,1,['Safe Walkway Violation'],Safe Walkway Violation,['test'],test,False,1920,1080,24.83,372,14.981877,avc1,0,0,0,0,0,0,1,0,test,source_0031,train,372,372,data/0_te1.mp4
de9fbb8b134091ce1b4e29f37dac3d43ea4b9e4f10c5842191aa6adfd7d3cef6,1_tr56.mp4,D:\AI_Safety_Monitoring\Datasets\Safe_Unsafe\data\1_tr56.mp4,1,1,['Unauthorized Intervention'],Unauthorized Intervention,['train'],train,False,1920,1080,24.911696231138645,260,10.436865,avc1,0,0,0,0,0,0,0,1,test,source_0266,train,260,260,data/1_tr56.mp4
dec3ed64dea95a8323b0435329e76c263134849d5e3672d06656fad7b608d30e,0_tr127.mp4,D:\AI_Safety_Monitoring\Datasets\Safe_Unsafe\data\0_tr127.mp4,1,1,['Safe Walkway Violation'],Safe Walkway Violation,['train'],train,False,1920,1080,24.9880374159261,261,10.444998,avc1,0,0,0,0,0,0,1,0,train,source_0083,train,261,261,data/0_tr127.mp4
dfadc40b3d4965c7e7959e9fdb5f14972b687f63d07d4959adffe21cafd228f5,0_tr60.mp4,D:\AI_Safety_Monitoring\Datasets\Safe_Unsafe\data\0_tr60.mp4,1,1,['Safe Walkway Violation'],Safe Walkway Violation,['train'],train,False,1920,1080,24.8,173,6.975806,avc1,0,0,0,0,0,0,1,0,train,source_0181,train,173,173,data/0_tr60.mp4
e0648f9962e02a9f4c13033b1e40c0ed4633efb478cc7a8194965bda287b505f,4_te8.mp4,D:\AI_Safety_Monitoring\Datasets\Safe_Unsafe\data\4_te8.mp4,1,1,['Safe Walkway'],Safe Walkway,['test'],test,False,1920,1080,24.92262113592952,260,10.43229,avc1,0,0,0,0,0,1,0,0,train,source_0479,train,260,260,data/4_te8.mp4
e06d157f760878b881b520c490b5a03d4ff11a4c8a611f419a035669c0f9bf32,0_tr178.mp4,D:\AI_Safety_Monitoring\Datasets\Safe_Unsafe\data\0_tr178.mp4,1,1,['Safe Walkway Violation'],Safe Walkway Violation,['train'],train,False,1920,1080,24.83,348,14.015304,avc1,0,0,0,0,0,0,1,0,train,source_0135,train,348,348,data/0_tr178.mp4
e0b14b20ce4e6d0a8293dd5a819e2ad68f1a29cc6af87923f3b3d9aec203d8be,0_tr159.mp4,D:\AI_Safety_Monitoring\Datasets\Safe_Unsafe\data\0_tr159.mp4,1,1,['Safe Walkway Violation'],Safe Walkway Violation,['train'],train,False,1920,1080,24.83,298,12.001611,avc1,0,0,0,0,0,0,1,0,test,source_0115,test,298,298,data/0_tr159.mp4
e1625075af049a642505e815cbf3243499fcdc136422c2ecf5725cab5c4bc9eb,4_te5.mp4,D:\AI_Safety_Monitoring\Datasets\Safe_Unsafe\data\4_te5.mp4,1,1,['Safe Walkway'],Safe Walkway,['test'],test,False,1920,1080,25.09672392972615,262,10.43961,avc1,0,0,0,0,0,1,0,0,train,source_0477,train,262,262,data/4_te5.mp4
e16a0ed5eb26d1645f5a8badbda33820914e1ea61b95d52168afe154325977dc,0_tr163.mp4,D:\AI_Safety_Monitoring\Datasets\Safe_Unsafe\data\0_tr163.mp4,1,1,['Safe Walkway Violation'],Safe Walkway Violation,['train'],train,False,1920,1080,24.83,298,12.001611,avc1,0,0,0,0,0,0,1,0,test,source_0011,train,298,298,data/0_tr163.mp4
e19f83b3e2e28b5afa7f0449583eb2de0dfd55606c51b92976e784a91a6d7683,2_te13.mp4,D:\AI_Safety_Monitoring\Datasets\Safe_Unsafe\data\2_te13.mp4,1,1,['Opened Panel Cover'],Opened Panel Cover,['test'],test,False,1920,1080,25.02,75,2.997602,avc1,0,0,0,1,0,0,0,0,test,source_0304,train,75,75,data/2_te13.mp4
e1b6d7bed8f36a5c587ed84fd96efbe0dfa79467e3b1a64edc452eec7385abeb,5_tr2.mp4,D:\AI_Safety_Monitoring\Datasets\Safe_Unsafe\data\5_tr2.mp4,1,1,['Authorized Intervention'],Authorized Intervention,['train'],train,False,1920,1080,25.05,174,6.946108,avc1,1,0,0,0,0,0,0,0,train,source_0005,val,174,174,data/5_tr2.mp4
e1bf5ca774e1602353aca10b52abfe2ad08862b8bf7cf3bfe9bdb37d4bbea673,3_tr34.mp4,D:\AI_Safety_Monitoring\Datasets\Safe_Unsafe\data\3_tr34.mp4,1,1,['Carrying Overload with Forklift'],Carrying Overload with Forklift,['train'],train,False,1920,1080,25.0,125,5.0,avc1,0,1,0,0,0,0,0,0,train,source_0026,train,125,125,data/3_tr34.mp4
e1e0a5538d045d0f1d8a254bd5aed27b91f37ea7587454f7427b84a116b0642e,1_tr13.mp4,D:\AI_Safety_Monitoring\Datasets\Safe_Unsafe\data\1_tr13.mp4,1,1,['Unauthorized Intervention'],Unauthorized Intervention,['train'],train,False,1920,1080,24.8,173,6.975806,avc1,0,0,0,0,0,0,0,1,train,source_0231,train,173,173,data/1_tr13.mp4
e26989d48d4be6048d1fe3045890883756474c59e1cdf4d884e2d2e607047270,4_te3.mp4,D:\AI_Safety_Monitoring\Datasets\Safe_Unsafe\data\4_te3.mp4,1,1,['Safe Walkway'],Safe Walkway,['test'],test,False,1920,1080,24.91,104,4.17503,avc1,0,0,0,0,0,1,0,0,val,source_0476,val,104,104,data/4_te3.mp4
e288a6117bbcf0a4d25e2350aefb3ec071c9a699f694115b2cdbdec192f45ae3,1_tr32.mp4,D:\AI_Safety_Monitoring\Datasets\Safe_Unsafe\data\1_tr32.mp4,1,1,['Unauthorized Intervention'],Unauthorized Intervention,['train'],train,False,1920,1080,24.83,323,13.008458,avc1,0,0,0,0,0,0,0,1,test,source_0247,train,323,323,data/1_tr32.mp4
e289f01d674658585e2310dde2540bbe1ccb57345a6e0a6e11100846b85b9489,1_te9.mp4,D:\AI_Safety_Monitoring\Datasets\Safe_Unsafe\data\1_te9.mp4,1,1,['Unauthorized Intervention'],Unauthorized Intervention,['test'],test,False,1920,1080,24.59,271,11.02074,avc1,0,0,0,0,0,0,0,1,train,source_0229,test,271,271,data/1_te9.mp4
e2b9fafadb5d2e2af0c76887d8b0c93f1a4b5fdbb3c09efc2cadb6b4f33e1338,4_tr18.mp4,D:\AI_Safety_Monitoring\Datasets\Safe_Unsafe\data\4_tr18.mp4,1,1,['Safe Walkway'],Safe Walkway,['train'],train,False,1920,1080,24.83,274,11.035038,avc1,0,0,0,0,0,1,0,0,train,source_0488,train,274,274,data/4_tr18.mp4
e2c053d84413775e6becaf0dc2a1dd69cbfbb47a5747704345ede650d1987a7f,0_te23.mp4,D:\AI_Safety_Monitoring\Datasets\Safe_Unsafe\data\0_te23.mp4,2,2,"['Safe Walkway', 'Safe Walkway Violation']",Safe Walkway | Safe Walkway Violation,['test'],test,False,1920,1080,23.001489459767605,241,10.477582,avc1,0,0,0,0,0,1,1,0,test,source_0043,train,241,241,data/0_te23.mp4
e39fc89b1a4a40e49153e82de9c86b24e86a62c4398122a384486682d05e890b,5_tr15.mp4,D:\AI_Safety_Monitoring\Datasets\Safe_Unsafe\data\5_tr15.mp4,1,1,['Authorized Intervention'],Authorized Intervention,['train'],train,False,1920,1080,24.91,275,11.039743,avc1,1,0,0,0,0,0,0,0,val,source_0545,train,275,275,data/5_tr15.mp4
e43775e2f1a97ea3bda4ef3b66d0dc8682b51fd5434aa0893edda368751c2846,2_tr109.mp4,D:\AI_Safety_Monitoring\Datasets\Safe_Unsafe\data\2_tr109.mp4,1,1,['Opened Panel Cover'],Opened Panel Cover,['train'],train,False,1920,1080,25.02,176,7.034373,avc1,0,0,0,1,0,0,0,0,val,source_0320,train,176,176,data/2_tr109.mp4
e44d99b72d6cd89d7999ba7cc4ccb44286b6c03238cb70ab3d91bac387d6332d,7_tr16.mp4,D:\AI_Safety_Monitoring\Datasets\Safe_Unsafe\data\7_tr16.mp4,1,1,['Safe Carrying'],Safe Carrying,['train'],train,False,1920,1080,24.62358033369095,52,2.111797,avc1,0,0,0,0,1,0,0,0,val,source_0602,test,52,52,data/7_tr16.mp4
e4961cbf455781e9ef17bde187c2a737f17a9686879db21f11cb2a5d027bd7e4,7_tr11.mp4,D:\AI_Safety_Monitoring\Datasets\Safe_Unsafe\data\7_tr11.mp4,1,1,['Safe Carrying'],Safe Carrying,['train'],train,False,1920,1080,25.15170779633589,102,4.055391,avc1,0,0,0,0,1,0,0,0,train,source_0024,train,102,102,data/7_tr11.mp4
e4edf2affe7fc44069aaf4a4a27ba963e73beafb5abb912a8afd036cc1bdc256,3_tr43.mp4,D:\AI_Safety_Monitoring\Datasets\Safe_Unsafe\data\3_tr43.mp4,1,1,['Carrying Overload with Forklift'],Carrying Overload with Forklift,['train'],train,False,1920,1080,25.0,76,3.04,avc1,0,1,0,0,0,0,0,0,train,source_0456,train,76,76,data/3_tr43.mp4
e4fcd5d42a42d00daf4d8124f7470c45d8f8a5d7a9b067387633dae4044ca927,0_te14.mp4,D:\AI_Safety_Monitoring\Datasets\Safe_Unsafe\data\0_te14.mp4,1,1,['Safe Walkway Violation'],Safe Walkway Violation,['test'],test,False,1920,1080,24.83,198,7.974225,avc1,0,0,0,0,0,0,1,0,val,source_0033,train,198,198,data/0_te14.mp4
e558800cb87e48e338db4b5b1976ea8572e91214696df1d1b1fbf771a5df7ec5,4_tr12.mp4,D:\AI_Safety_Monitoring\Datasets\Safe_Unsafe\data\4_tr12.mp4,1,1,['Safe Walkway'],Safe Walkway,['train'],train,False,1920,1080,22.80911597634289,238,10.434425,avc1,0,0,0,0,0,1,0,0,test,source_0483,train,238,238,data/4_tr12.mp4
e56bd0b6924c09f3ceb46f8f688ae35d762a7bc3cf88a958b38cd49456d0bfc9,1_tr28.mp4,D:\AI_Safety_Monitoring\Datasets\Safe_Unsafe\data\1_tr28.mp4,1,1,['Unauthorized Intervention'],Unauthorized Intervention,['train'],train,False,1920,1080,24.8,372,15.0,avc1,0,0,0,0,0,0,0,1,train,source_0243,train,372,372,data/1_tr28.mp4
e581a05dae0b21969dd2f291cc6ffb2233928333e33891ae34e6dfd1a69b595e,0_tr66.mp4,D:\AI_Safety_Monitoring\Datasets\Safe_Unsafe\data\0_tr66.mp4,1,1,['Safe Walkway Violation'],Safe Walkway Violation,['train'],train,False,1920,1080,24.8,173,6.975806,avc1,0,0,0,0,0,0,1,0,train,source_0187,train,173,173,data/0_tr66.mp4
e5c98b118b9a137e9b00ba6c781c818212c3c0457d87a049ea0d25f37a3952d5,7_tr18.mp4,D:\AI_Safety_Monitoring\Datasets\Safe_Unsafe\data\7_tr18.mp4,1,1,['Safe Carrying'],Safe Carrying,['train'],train,False,1920,1080,24.93066931520632,302,12.113594,avc1,0,0,0,0,1,0,0,0,train,source_0604,train,302,302,data/7_tr18.mp4
e5d0ac5a4bb45692982f86b3ab3f9d47330d8c6eaed0bf4a137715f45313f4a2,4_tr37.mp4,D:\AI_Safety_Monitoring\Datasets\Safe_Unsafe\data\4_tr37.mp4,1,1,['Safe Walkway'],Safe Walkway,['train'],train,False,1920,1080,24.83,303,12.20298,avc1,0,0,0,0,0,1,0,0,train,source_0508,train,303,303,data/4_tr37.mp4
e5f52ce112d1f432c774e2f949fb4f910faf6a1c8085e8cf034fab3b3ea5d074,1_tr4.mp4,D:\AI_Safety_Monitoring\Datasets\Safe_Unsafe\data\1_tr4.mp4,1,1,['Unauthorized Intervention'],Unauthorized Intervention,['train'],train,False,1920,1080,24.8,173,6.975806,avc1,0,0,0,0,0,0,0,1,train,source_0253,test,173,173,data/1_tr4.mp4
e66345781b3e0e53928c407ffd68944ac970571dfadc76d0cf6da0c5992e472d,6_tr4.mp4,D:\AI_Safety_Monitoring\Datasets\Safe_Unsafe\data\6_tr4.mp4,1,1,['Closed Panel Cover'],Closed Panel Cover,['train'],train,False,1920,1080,25.0,125,5.0,avc1,0,0,1,0,0,0,0,0,train,source_0586,train,125,125,data/6_tr4.mp4
e67beee8462f8383c96d870939324c410aa85047f191441219664e3fd7ee1d14,0_tr37.mp4,D:\AI_Safety_Monitoring\Datasets\Safe_Unsafe\data\0_tr37.mp4,1,1,['Safe Walkway Violation'],Safe Walkway Violation,['train'],train,False,1920,1080,24.83,125,5.034233,avc1,0,0,0,0,0,0,1,0,train,source_0156,train,125,125,data/0_tr37.mp4
e6b6455a15b65547fc228732d9fa03726e8d446992f9af3d016c94b4fb31cfbc,4_tr10.mp4,D:\AI_Safety_Monitoring\Datasets\Safe_Unsafe\data\4_tr10.mp4,2,2,"['Closed Panel Cover', 'Safe Walkway']",Closed Panel Cover | Safe Walkway,"['test', 'train']",test | train,True,1920,1080,24.805733259330665,259,10.441135,avc1,0,0,1,0,0,1,0,0,val,source_0481,train,259,259,data/4_tr10.mp4
e73e32bc294dd117e028ece37da258a290bbf46f12bba1778a27eac6f30b3f6c,2_tr50.mp4,D:\AI_Safety_Monitoring\Datasets\Safe_Unsafe\data\2_tr50.mp4,1,1,['Opened Panel Cover'],Opened Panel Cover,['train'],train,False,1920,1080,25.08,126,5.023923,avc1,0,0,0,1,0,0,0,0,train,source_0378,val,126,126,data/2_tr50.mp4
e788bfde2b6a748991d40b55b9e62f93021a3fa5f93697abb3de9f9ebcb0993f,0_tr42.mp4,D:\AI_Safety_Monitoring\Datasets\Safe_Unsafe\data\0_tr42.mp4,1,1,['Safe Walkway Violation'],Safe Walkway Violation,['train'],train,False,1920,1080,24.83,125,5.034233,avc1,0,0,0,0,0,0,1,0,train,source_0161,train,125,125,data/0_tr42.mp4
e884947c3d1bb7799fafd72e5d2ecf2a62da628d4f64bb5493d9bb2eb220ab6d,0_tr10.mp4,D:\AI_Safety_Monitoring\Datasets\Safe_Unsafe\data\0_tr10.mp4,1,1,['Safe Walkway Violation'],Safe Walkway Violation,['train'],train,False,1920,1080,24.83,373,15.022151,avc1,0,0,0,0,0,0,1,0,train,source_0059,test,373,373,data/0_tr10.mp4
e9af2c721a96f4ed94f20189236ca185743d81a490057893499cc4a641f79efb,1_tr70.mp4,D:\AI_Safety_Monitoring\Datasets\Safe_Unsafe\data\1_tr70.mp4,1,1,['Unauthorized Intervention'],Unauthorized Intervention,['train'],train,False,1920,1080,24.79,224,9.035902,avc1,0,0,0,0,0,0,0,1,test,source_0279,train,224,224,data/1_tr70.mp4
ea48e33f41e656c5e6d8ae147bca5a408486e4ed79cd6d0146d566ca96dce96e,0_tr4.mp4,D:\AI_Safety_Monitoring\Datasets\Safe_Unsafe\data\0_tr4.mp4,1,1,['Safe Walkway Violation'],Safe Walkway Violation,['train'],train,False,1920,1080,24.83,348,14.015304,avc1,0,0,0,0,0,0,1,0,val,source_0158,train,348,348,data/0_tr4.mp4
eac0990e1c7b32c6bddf79bff55c9a07a2104d5a9655f015f73b3d35f1c92498,2_te7.mp4,D:\AI_Safety_Monitoring\Datasets\Safe_Unsafe\data\2_te7.mp4,1,1,['Opened Panel Cover'],Opened Panel Cover,['test'],test,False,1920,1080,25.0,175,7.0,avc1,0,0,0,1,0,0,0,0,val,source_0310,train,175,175,data/2_te7.mp4
eb91797e7c065b2d800e409d341e1e403917177ffc5ddbd2b2f97b8a9d707cc2,0_tr36.mp4,D:\AI_Safety_Monitoring\Datasets\Safe_Unsafe\data\0_tr36.mp4,1,1,['Safe Walkway Violation'],Safe Walkway Violation,['train'],train,False,1920,1080,24.83,125,5.034233,avc1,0,0,0,0,0,0,1,0,test,source_0155,train,125,125,data/0_tr36.mp4
eb9231b53004d9373e27b97e161c1097765f807f3f717b6eb4fc81e0bc10d4cb,1_tr95.mp4,D:\AI_Safety_Monitoring\Datasets\Safe_Unsafe\data\1_tr95.mp4,1,1,['Unauthorized Intervention'],Unauthorized Intervention,['train'],train,False,1920,1080,24.8,173,6.975806,avc1,0,0,0,0,0,0,0,1,train,source_0298,train,173,173,data/1_tr95.mp4
ed56380ba9caff428b82d66baf5057d9b536b7220b0984e0a4ae68c1021d5bf1,2_te8.mp4,D:\AI_Safety_Monitoring\Datasets\Safe_Unsafe\data\2_te8.mp4,1,1,['Opened Panel Cover'],Opened Panel Cover,['test'],test,False,1920,1080,25.0,175,7.0,avc1,0,0,0,1,0,0,0,0,train,source_0311,train,175,175,data/2_te8.mp4
ed7f43279a0f162716cf6611763de6ac29a316315e039aae0d08fb5466b56f68,2_tr83.mp4,D:\AI_Safety_Monitoring\Datasets\Safe_Unsafe\data\2_tr83.mp4,1,1,['Opened Panel Cover'],Opened Panel Cover,['train'],train,False,1920,1080,25.02,151,6.035172,avc1,0,0,0,1,0,0,0,0,train,source_0413,train,151,151,data/2_tr83.mp4
edffc7547cd187b138e05c92440732e8ada60fe96061d90b9b0022ba4065a48d,7_te4.mp4,D:\AI_Safety_Monitoring\Datasets\Safe_Unsafe\data\7_te4.mp4,1,1,['Safe Carrying'],Safe Carrying,['test'],test,False,1920,1080,25.19341323199844,101,4.008984,avc1,0,0,0,0,1,0,0,0,train,source_0593,val,101,101,data/7_te4.mp4
ee10d7c38a5d07742b6eed9f1cc2d5d0c780f5cb234974fea0d17e0527c62441,5_tr16.mp4,D:\AI_Safety_Monitoring\Datasets\Safe_Unsafe\data\5_tr16.mp4,1,1,['Authorized Intervention'],Authorized Intervention,['train'],train,False,1920,1080,24.91,227,9.112806,avc1,1,0,0,0,0,0,0,0,train,source_0546,val,227,227,data/5_tr16.mp4
f0068282a8f39d8a861fd4b78709e80a36241726c4b237bf59c63d91b9b137c7,4_te16.mp4,D:\AI_Safety_Monitoring\Datasets\Safe_Unsafe\data\4_te16.mp4,1,1,['Safe Walkway'],Safe Walkway,['test'],test,False,1920,1080,24.83,175,7.047926,avc1,0,0,0,0,0,1,0,0,train,source_0467,train,175,175,data/4_te16.mp4
f03019498b88a43923d78ef8e4edcd906c5c0b2c7ea3c9afad79b080fc2f6f82,1_tr8.mp4,D:\AI_Safety_Monitoring\Datasets\Safe_Unsafe\data\1_tr8.mp4,1,1,['Unauthorized Intervention'],Unauthorized Intervention,['train'],train,False,1920,1080,24.8,173,6.975806,avc1,0,0,0,0,0,0,0,1,train,source_0283,train,173,173,data/1_tr8.mp4
f073dd5d19c53a7ef91f1eaf517f0fa97d2eaa52c279f67c969404bb403cacfc,0_tr9.mp4,D:\AI_Safety_Monitoring\Datasets\Safe_Unsafe\data\0_tr9.mp4,1,1,['Safe Walkway Violation'],Safe Walkway Violation,['train'],train,False,1920,1080,24.83,373,15.022151,avc1,0,0,0,0,0,0,1,0,train,source_0213,train,373,373,data/0_tr9.mp4
f0a307a4ef46940788d6755827335ff6a051f2681ae899c83008a1f8e84fbc68,0_tr115.mp4,D:\AI_Safety_Monitoring\Datasets\Safe_Unsafe\data\0_tr115.mp4,2,2,"['Safe Walkway Violation', 'Unauthorized Intervention']",Safe Walkway Violation | Unauthorized Intervention,['train'],train,False,1920,1080,24.83,224,9.021345,avc1,0,0,0,0,0,0,1,1,train,source_0073,train,224,224,data/0_tr115.mp4
f0dcc960126cb82e2bd0f34b95694c36011362ce2d243a59f95c696cddf853ec,5_te1.mp4,D:\AI_Safety_Monitoring\Datasets\Safe_Unsafe\data\5_te1.mp4,1,1,['Authorized Intervention'],Authorized Intervention,['test'],test,False,1920,1080,25.05,174,6.946108,avc1,1,0,0,0,0,0,0,0,train,source_0525,train,174,174,data/5_te1.mp4
f0e0f2ff62ef81c8c0f96270c19328232139c9ca89107cd0e7ab122f8a558125,0_tr29.mp4,D:\AI_Safety_Monitoring\Datasets\Safe_Unsafe\data\0_tr29.mp4,1,1,['Safe Walkway Violation'],Safe Walkway Violation,['train'],train,False,1920,1080,24.83,125,5.034233,avc1,0,0,0,0,0,0,1,0,train,source_0148,train,125,125,data/0_tr29.mp4
f0e34d76de139450b97decbb4e032a525d8ce9959d972cdd0071a1de69250c6a,4_tr6.mp4,D:\AI_Safety_Monitoring\Datasets\Safe_Unsafe\data\4_tr6.mp4,1,1,['Safe Walkway'],Safe Walkway,['train'],train,False,1920,1080,25.05,522,20.838323,avc1,0,0,0,0,0,1,0,0,test,source_0522,val,522,522,data/4_tr6.mp4
f10c52fe41ede3ee5cc717ec5bab9acb227bfa895e881937fdef7ab6c2d8e657,7_tr9.mp4,D:\AI_Safety_Monitoring\Datasets\Safe_Unsafe\data\7_tr9.mp4,1,1,['Safe Carrying'],Safe Carrying,['train'],train,False,1920,1080,24.91418045459031,151,6.060805,avc1,0,0,0,0,1,0,0,0,train,source_0030,train,151,151,data/7_tr9.mp4
f19c3cda098090f3e3eeec130156595dfb49c88896a6ecd1d1f97619463b7580,0_tr85.mp4,D:\AI_Safety_Monitoring\Datasets\Safe_Unsafe\data\0_tr85.mp4,1,1,['Safe Walkway Violation'],Safe Walkway Violation,['train'],train,False,1920,1080,24.8,174,7.016129,avc1,0,0,0,0,0,0,1,0,train,source_0208,train,174,174,data/0_tr85.mp4
f1da0d2b9672008146ec656f4d6fd68bf8bdbcc064e8a1058d66618982f37416,3_tr3.mp4,D:\AI_Safety_Monitoring\Datasets\Safe_Unsafe\data\3_tr3.mp4,1,1,['Carrying Overload with Forklift'],Carrying Overload with Forklift,['train'],train,False,1920,1080,25.0,275,11.0,avc1,0,1,0,0,0,0,0,0,train,source_0449,train,275,275,data/3_tr3.mp4
f21c84750bcf660ba8526a6d823b30805b6e88c2581e27a5dd9af80690ae7ac0,0_tr101.mp4,D:\AI_Safety_Monitoring\Datasets\Safe_Unsafe\data\0_tr101.mp4,1,1,['Safe Walkway Violation'],Safe Walkway Violation,['train'],train,False,1920,1080,24.83,199,8.014499,avc1,0,0,0,0,0,0,1,0,train,source_0061,test,199,199,data/0_tr101.mp4
f22f24e1cb14325233711f5e77c9f53e7ddcc5ccc3897c021b3450d042ff5ee2,4_tr40.mp4,D:\AI_Safety_Monitoring\Datasets\Safe_Unsafe\data\4_tr40.mp4,1,1,['Safe Walkway'],Safe Walkway,['train'],train,False,1920,1080,24.97,209,8.370044,avc1,0,0,0,0,0,1,0,0,train,source_0512,train,209,209,data/4_tr40.mp4
f2af62980f2acccefe923d398fc39ddaec02e75b6d42cd1650a08efc70f4a303,5_tr11.mp4,D:\AI_Safety_Monitoring\Datasets\Safe_Unsafe\data\5_tr11.mp4,1,1,['Authorized Intervention'],Authorized Intervention,['train'],train,False,1920,1080,25.08,104,4.14673,avc1,1,0,0,0,0,0,0,0,test,source_0541,train,104,104,data/5_tr11.mp4
f2ca38e414eab22c3b2f7f296a6f46cca4a82154d541b96cd20231fe656eca17,2_tr97.mp4,D:\AI_Safety_Monitoring\Datasets\Safe_Unsafe\data\2_tr97.mp4,1,1,['Opened Panel Cover'],Opened Panel Cover,['train'],train,False,1920,1080,25.0,175,7.0,avc1,0,0,0,1,0,0,0,0,val,source_0428,train,175,175,data/2_tr97.mp4
f3573274dd65d6b2791a1026b55d8e28e229e72e8c74bb679ba8b621bcbfb3cf,2_tr58.mp4,D:\AI_Safety_Monitoring\Datasets\Safe_Unsafe\data\2_tr58.mp4,1,1,['Opened Panel Cover'],Opened Panel Cover,['train'],train,False,1920,1080,25.08,126,5.023923,avc1,0,0,0,1,0,0,0,0,train,source_0021,val,126,126,data/2_tr58.mp4
f395c5de1c62f55fb23c6c564d3ffb249aad5ffca9dc3a2dbff9a31c0b6ba789,3_tr9.mp4,D:\AI_Safety_Monitoring\Datasets\Safe_Unsafe\data\3_tr9.mp4,1,1,['Carrying Overload with Forklift'],Carrying Overload with Forklift,['train'],train,False,1920,1080,25.0,251,10.04,avc1,0,1,0,0,0,0,0,0,train,source_0000,val,251,251,data/3_tr9.mp4
f443fea39b37bb1f29a9490dbccc9e3d6aee945de14ab86d49acb6e776a08919,5_te11.mp4,D:\AI_Safety_Monitoring\Datasets\Safe_Unsafe\data\5_te11.mp4,1,1,['Authorized Intervention'],Authorized Intervention,['test'],test,False,1920,1080,24.95,125,5.01002,avc1,1,0,0,0,0,0,0,0,train,source_0527,train,125,125,data/5_te11.mp4
f473fe4d14f084f13ee6f1b71eaff0b418cd66f518f2cedc79da4a5ce20c966d,0_te22.mp4,D:\AI_Safety_Monitoring\Datasets\Safe_Unsafe\data\0_te22.mp4,1,1,['Safe Walkway Violation'],Safe Walkway Violation,['test'],test,False,1920,1080,21.5256973894098,225,10.452623,avc1,0,0,0,0,0,0,1,0,val,source_0042,train,225,225,data/0_te22.mp4
f58228d4450d90388d42ee5d48a7c1512d195b4da3eb497864a4974c4fb6f5bf,2_tr66.mp4,D:\AI_Safety_Monitoring\Datasets\Safe_Unsafe\data\2_tr66.mp4,1,1,['Opened Panel Cover'],Opened Panel Cover,['train'],train,False,1920,1080,25.02,126,5.035971,avc1,0,0,0,1,0,0,0,0,test,source_0394,train,126,126,data/2_tr66.mp4
f5b63aa8629b5c39ba9860bd8de324a4201f2042b1876c094b875e02d762b271,2_tr65.mp4,D:\AI_Safety_Monitoring\Datasets\Safe_Unsafe\data\2_tr65.mp4,1,1,['Opened Panel Cover'],Opened Panel Cover,['train'],train,False,1920,1080,25.02,126,5.035971,avc1,0,0,0,1,0,0,0,0,train,source_0393,train,126,126,data/2_tr65.mp4
f64c2a4b300868e48ece05977044451a3c59bd8ddc1b29ac1b5c7e4e480a31f9,2_tr92.mp4,D:\AI_Safety_Monitoring\Datasets\Safe_Unsafe\data\2_tr92.mp4,1,1,['Opened Panel Cover'],Opened Panel Cover,['train'],train,False,1920,1080,25.02,175,6.994404,avc1,0,0,0,1,0,0,0,0,train,source_0423,train,175,175,data/2_tr92.mp4
f64ca316c74957b8c23b7b663cfeec86b5cae0d849998d10ba89600f3c592315,5_te3.mp4,D:\AI_Safety_Monitoring\Datasets\Safe_Unsafe\data\5_te3.mp4,1,1,['Authorized Intervention'],Authorized Intervention,['test'],test,False,1920,1080,25.06,196,7.821229,avc1,1,0,0,0,0,0,0,0,train,source_0532,train,196,196,data/5_te3.mp4
f6a044acb29d1a344527dd4ec82e283ba3a93916bfb6ef581a75ec0493766d2e,2_tr1.mp4,D:\AI_Safety_Monitoring\Datasets\Safe_Unsafe\data\2_tr1.mp4,1,1,['Opened Panel Cover'],Opened Panel Cover,['train'],train,False,1920,1080,25.09,156,6.217617,avc1,0,0,0,1,0,0,0,0,val,source_0005,val,156,156,data/2_tr1.mp4
f6b5371af35e9fe3ed010bc9f287fe3dd9f3a3d8a46d60ff0ce2e624abb24ab9,0_te8.mp4,D:\AI_Safety_Monitoring\Datasets\Safe_Unsafe\data\0_te8.mp4,2,2,"['Safe Walkway Violation', 'Unauthorized Intervention']",Safe Walkway Violation | Unauthorized Intervention,['test'],test,False,1920,1080,24.8,421,16.975806,avc1,0,0,0,0,0,0,1,1,test,source_0056,train,421,421,data/0_te8.mp4
f6e119e753e442e05ca70a342ae03f9756aca6ac6e415fee85bd3117cd6d7662,2_tr46.mp4,D:\AI_Safety_Monitoring\Datasets\Safe_Unsafe\data\2_tr46.mp4,1,1,['Opened Panel Cover'],Opened Panel Cover,['train'],train,False,1920,1080,25.09,126,5.021921,avc1,0,0,0,1,0,0,0,0,test,source_0373,test,126,126,data/2_tr46.mp4
f6eca5872aa040a917b15d585f5e65caeff67a18fdba034d9f182b01462645bc,2_tr8.mp4,D:\AI_Safety_Monitoring\Datasets\Safe_Unsafe\data\2_tr8.mp4,1,1,['Opened Panel Cover'],Opened Panel Cover,['train'],train,False,1920,1080,25.02,100,3.996803,avc1,0,0,0,1,0,0,0,0,test,source_0409,train,100,100,data/2_tr8.mp4
f6f9c6fb282c2e1a2dc99edbbfbd9f3276ef644801dea087c7f6937df303d140,1_te10.mp4,D:\AI_Safety_Monitoring\Datasets\Safe_Unsafe\data\1_te10.mp4,1,1,['Unauthorized Intervention'],Unauthorized Intervention,['test'],test,False,1920,1080,24.59,270,10.980073,avc1,0,0,0,0,0,0,0,1,train,source_0224,test,270,270,data/1_te10.mp4
f75164f081211d4995cedd975b1d9403ac273a1e03637b5a33ba7ca9a21171a7,4_tr21.mp4,D:\AI_Safety_Monitoring\Datasets\Safe_Unsafe\data\4_tr21.mp4,1,1,['Safe Walkway'],Safe Walkway,['train'],train,False,1920,1080,24.83,223,8.981071,avc1,0,0,0,0,0,1,0,0,train,source_0492,val,223,223,data/4_tr21.mp4
f78e3055b39b5a2daa3f39097c40efab9e94abae0750c09199a864027cdb8f76,4_te12.mp4,D:\AI_Safety_Monitoring\Datasets\Safe_Unsafe\data\4_te12.mp4,1,1,['Safe Walkway'],Safe Walkway,['test'],test,False,1920,1080,24.83,174,7.007652,avc1,0,0,0,0,0,1,0,0,val,source_0463,test,174,174,data/4_te12.mp4
f8010663566e3cfa8c33eaf9b41c0ea3121b6036bfa654adf854948a216e07d8,0_tr22.mp4,D:\AI_Safety_Monitoring\Datasets\Safe_Unsafe\data\0_tr22.mp4,1,1,['Safe Walkway Violation'],Safe Walkway Violation,['train'],train,False,1920,1080,24.83,124,4.993959,avc1,0,0,0,0,0,0,1,0,train,source_0141,train,124,124,data/0_tr22.mp4
f8068e102a1f929a94c35892d67b0bf3eb9aa01b8127fea8dff0ff270d09b4e0,3_tr15.mp4,D:\AI_Safety_Monitoring\Datasets\Safe_Unsafe\data\3_tr15.mp4,1,1,['Carrying Overload with Forklift'],Carrying Overload with Forklift,['train'],train,False,1920,1080,25.0,250,10.0,avc1,0,1,0,0,0,0,0,0,val,source_0026,train,250,250,data/3_tr15.mp4
f9a6fba0e61b94d9c158c94400c1fe3403b83b52fa70b63ba5c7dfba12665c33,2_te11.mp4,D:\AI_Safety_Monitoring\Datasets\Safe_Unsafe\data\2_te11.mp4,1,1,['Opened Panel Cover'],Opened Panel Cover,['test'],test,False,1920,1080,25.02,225,8.992806,avc1,0,0,0,1,0,0,0,0,train,source_0302,train,225,225,data/2_te11.mp4
f9f0ebf8eb5f56c7c8fc88f2e5cd2fb1736421db1b6648b20a787761423ead9f,4_tr8.mp4,D:\AI_Safety_Monitoring\Datasets\Safe_Unsafe\data\4_tr8.mp4,1,1,['Safe Walkway'],Safe Walkway,['train'],train,False,1920,1080,24.99,174,6.962785,avc1,0,0,0,0,0,1,0,0,train,source_0006,train,174,174,data/4_tr8.mp4
fa471989117d98391a413e6796e52e831198f90fa92810dc44d97a58be56056b,1_tr69.mp4,D:\AI_Safety_Monitoring\Datasets\Safe_Unsafe\data\1_tr69.mp4,1,1,['Unauthorized Intervention'],Unauthorized Intervention,['train'],train,False,1920,1080,24.79,225,9.07624,avc1,0,0,0,0,0,0,0,1,train,source_0278,train,225,225,data/1_tr69.mp4
fa9725869b217d711656f4331d4b21dcfda8f10b8219ec8752df17d8543fa89a,0_tr34.mp4,D:\AI_Safety_Monitoring\Datasets\Safe_Unsafe\data\0_tr34.mp4,1,1,['Safe Walkway Violation'],Safe Walkway Violation,['train'],train,False,1920,1080,24.83,125,5.034233,avc1,0,0,0,0,0,0,1,0,train,source_0153,train,125,125,data/0_tr34.mp4
fb2bc9fcd0b623e1d0296cf58c018e2d2d9e2670f190d24c1ebffb9ef3006871,2_tr53.mp4,D:\AI_Safety_Monitoring\Datasets\Safe_Unsafe\data\2_tr53.mp4,1,1,['Opened Panel Cover'],Opened Panel Cover,['train'],train,False,1920,1080,25.08,126,5.023923,avc1,0,0,0,1,0,0,0,0,train,source_0381,train,126,126,data/2_tr53.mp4
fb3672844edb709510fe57b465fcad197dd04a9d0ac26602c5e419b2a128f3a3,2_te2.mp4,D:\AI_Safety_Monitoring\Datasets\Safe_Unsafe\data\2_te2.mp4,1,1,['Opened Panel Cover'],Opened Panel Cover,['test'],test,False,1920,1080,25.08,125,4.984051,avc1,0,0,0,1,0,0,0,0,train,source_0305,train,125,125,data/2_te2.mp4
fbabe84410ff6c39486fe5b49f055ea76be148d2db6191e8ed79f1fe891a721c,1_tr21.mp4,D:\AI_Safety_Monitoring\Datasets\Safe_Unsafe\data\1_tr21.mp4,1,1,['Unauthorized Intervention'],Unauthorized Intervention,['train'],train,False,1920,1080,24.8,422,17.016129,avc1,0,0,0,0,0,0,0,1,train,source_0016,train,422,422,data/1_tr21.mp4
fc15b7620aa8d05f7889694f8a2205786fb0dfd6d00dd71b84239258d8d8ed3c,1_tr93.mp4,D:\AI_Safety_Monitoring\Datasets\Safe_Unsafe\data\1_tr93.mp4,1,1,['Unauthorized Intervention'],Unauthorized Intervention,['train'],train,False,1920,1080,24.8,173,6.975806,avc1,0,0,0,0,0,0,0,1,train,source_0296,train,173,173,data/1_tr93.mp4
fc9e9f0c8f7c744f276cd1d33ae1b51746a9bdb09454dc557da4e8916135415a,5_te8.mp4,D:\AI_Safety_Monitoring\Datasets\Safe_Unsafe\data\5_te8.mp4,1,1,['Authorized Intervention'],Authorized Intervention,['test'],test,False,1920,1080,25.08,201,8.014354,avc1,1,0,0,0,0,0,0,0,train,source_0537,train,201,201,data/5_te8.mp4
fcfeaafbc86acce9a7374d6b774df75c39a9a4abc02e5ff3871753ffa13e498c,3_tr19.mp4,D:\AI_Safety_Monitoring\Datasets\Safe_Unsafe\data\3_tr19.mp4,1,1,['Carrying Overload with Forklift'],Carrying Overload with Forklift,['train'],train,False,1920,1080,25.0,225,9.0,avc1,0,1,0,0,0,0,0,0,train,source_0443,val,225,225,data/3_tr19.mp4
fd15ca92c6621f078835cafa6790bbd0b45321f5e81bc6093b5809ebf474c143,2_tr2.mp4,D:\AI_Safety_Monitoring\Datasets\Safe_Unsafe\data\2_tr2.mp4,1,1,['Opened Panel Cover'],Opened Panel Cover,['train'],train,False,1920,1080,24.97,75,3.003604,avc1,0,0,0,1,0,0,0,0,train,source_0345,train,75,75,data/2_tr2.mp4
fd28693ff0c2174a069f6cc8afd6d7d0a65256f92ef7f297b3f104a36856f21b,0_tr89.mp4,D:\AI_Safety_Monitoring\Datasets\Safe_Unsafe\data\0_tr89.mp4,1,1,['Safe Walkway Violation'],Safe Walkway Violation,['train'],train,False,1920,1080,24.8,174,7.016129,avc1,0,0,0,0,0,0,1,0,train,source_0212,train,174,174,data/0_tr89.mp4
fda2c69a6a6327fb159f8fcc76cd353b01446758308dfdfe7141ee8a44eb4625,0_tr65.mp4,D:\AI_Safety_Monitoring\Datasets\Safe_Unsafe\data\0_tr65.mp4,1,1,['Safe Walkway Violation'],Safe Walkway Violation,['train'],train,False,1920,1080,24.8,173,6.975806,avc1,0,0,0,0,0,0,1,0,val,source_0186,test,173,173,data/0_tr65.mp4
fe17f0a40b412faa85e7acfe67c14197a21f823513adc0bd108ca7b223ae7eef,5_te2.mp4,D:\AI_Safety_Monitoring\Datasets\Safe_Unsafe\data\5_te2.mp4,1,1,['Authorized Intervention'],Authorized Intervention,['test'],test,False,1920,1080,25.06,196,7.821229,avc1,1,0,0,0,0,0,0,0,train,source_0531,train,196,196,data/5_te2.mp4
ffac437837008a9caae219212b005518183b2edf2b24c475591861dcfa7f3526,2_tr113.mp4,D:\AI_Safety_Monitoring\Datasets\Safe_Unsafe\data\2_tr113.mp4,1,1,['Opened Panel Cover'],Opened Panel Cover,['train'],train,False,1920,1080,25.02,200,7.993605,avc1,0,0,0,1,0,0,0,0,test,source_0325,train,200,200,data/2_tr113.mp4
